{"images":[{"height":1200,"width":1200,"id":1,"file_name":"5_75.jpg"},{"height":1454,"width":1454,"id":2,"file_name":"4_15.jpg"},{"height":1332,"width":1332,"id":3,"file_name":"6_45.jpg"},{"height":1175,"width":1174,"id":4,"file_name":"5_15.jpg"},{"height":1469,"width":1469,"id":5,"file_name":"7_45.jpg"},{"height":1257,"width":1256,"id":6,"file_name":"4_75.jpg"},{"height":1391,"width":1391,"id":7,"file_name":"7_15.jpg"},{"height":1128,"width":1128,"id":8,"file_name":"5_45.jpg"},{"height":1191,"width":1191,"id":9,"file_name":"6_75.jpg"},{"height":1603,"width":1603,"id":10,"file_name":"7_75.jpg"},{"height":1350,"width":1349,"id":11,"file_name":"6_15.jpg"},{"height":1348,"width":1347,"id":12,"file_name":"4_45.jpg"},{"height":1151,"width":1150,"id":13,"file_name":"1_45.jpg"},{"height":1517,"width":1516,"id":14,"file_name":"3_15.jpg"},{"height":1703,"width":1702,"id":15,"file_name":"10_15.jpg"},{"height":1676,"width":1675,"id":16,"file_name":"8_45.jpg"},{"height":1965,"width":1965,"id":17,"file_name":"11_75.jpg"},{"height":1338,"width":1338,"id":18,"file_name":"2_75.jpg"},{"height":2130,"width":2130,"id":19,"file_name":"9_45.jpg"},{"height":1567,"width":1567,"id":20,"file_name":"10_75.jpg"},{"height":1395,"width":1395,"id":21,"file_name":"13_45.jpg"},{"height":1236,"width":1235,"id":22,"file_name":"2_15.jpg"},{"height":2077,"width":2076,"id":23,"file_name":"11_15.jpg"},{"height":1079,"width":1078,"id":24,"file_name":"1_75.jpg"},{"height":2320,"width":2320,"id":25,"file_name":"9_15.jpg"},{"height":2008,"width":2007,"id":26,"file_name":"11_45.jpg"},{"height":1316,"width":1316,"id":27,"file_name":"13_15.jpg"},{"height":1627,"width":1627,"id":28,"file_name":"8_75.jpg"},{"height":1641,"width":1641,"id":29,"file_name":"10_45.jpg"},{"height":1610,"width":1609,"id":30,"file_name":"3_45.jpg"},{"height":2071,"width":2071,"id":31,"file_name":"9_75.jpg"},{"height":1698,"width":1698,"id":32,"file_name":"8_15.jpg"},{"height":1329,"width":1328,"id":33,"file_name":"13_75.jpg"}],"annotations":[{"iscrowd":0,"image_id":1,"bbox":[425,252,321,269],"segmentation":[[431,324,431,308,477,264,502,251,533,251,565,265,565,275,617,284,643,276,673,276,704,290,709,301,720,308,743,306,745,316,738,463,700,521,424,463]],"category_id":0,"id":1,"area":67353},{"iscrowd":0,"image_id":1,"bbox":[417,462,324,121],"segmentation":[[422,471,699,529,740,461,736,520,692,582,417,521]],"category_id":1,"id":2,"area":16790},{"iscrowd":0,"image_id":1,"bbox":[414,525,321,203],"segmentation":[[419,526,692,585,735,525,728,661,684,728,414,674]],"category_id":2,"id":3,"area":45510},{"iscrowd":0,"image_id":1,"bbox":[414,671,311,203],"segmentation":[[420,674,683,730,724,671,717,816,683,873,413,815]],"category_id":3,"id":4,"area":43304},{"iscrowd":0,"image_id":2,"bbox":[586,265,251,330],"segmentation":[[585,310,597,292,630,288,652,269,687,265,722,276,735,284,835,399,836,571,707,594,685,584,591,452]],"category_id":0,"id":5,"area":62708},{"iscrowd":0,"image_id":2,"bbox":[590,467,251,189],"segmentation":[[593,467,694,598,840,568,840,628,694,655,590,516]],"category_id":4,"id":6,"area":14385},{"iscrowd":0,"image_id":2,"bbox":[589,523,254,304],"segmentation":[[693,654,842,634,841,802,695,826,592,678,589,522]],"category_id":2,"id":7,"area":41798},{"iscrowd":0,"image_id":2,"bbox":[594,677,243,209],"segmentation":[[694,823,837,803,836,857,693,886,594,734,595,677]],"category_id":5,"id":8,"area":14466},{"iscrowd":0,"image_id":2,"bbox":[593,737,244,304],"segmentation":[[692,888,837,857,836,1010,686,1041,593,882,594,737]],"category_id":2,"id":9,"area":37160},{"iscrowd":0,"image_id":2,"bbox":[595,894,236,307],"segmentation":[[687,1039,831,1011,825,1169,697,1201,682,1182,595,1023,596,893]],"category_id":3,"id":10,"area":35512},{"iscrowd":0,"image_id":3,"bbox":[510,262,290,284],"segmentation":[[509,318,521,298,563,287,572,270,606,262,642,266,654,283,654,289,688,303,724,306,755,316,755,330,778,338,799,349,794,509,704,546,509,447]],"category_id":0,"id":11,"area":60464},{"iscrowd":0,"image_id":3,"bbox":[509,462,297,147],"segmentation":[[510,462,704,554,805,512,799,568,696,609,508,505]],"category_id":1,"id":12,"area":15214},{"iscrowd":0,"image_id":3,"bbox":[507,509,293,254],"segmentation":[[507,509,700,605,800,565,794,714,691,763,506,659]],"category_id":2,"id":13,"area":44722},{"iscrowd":0,"image_id":3,"bbox":[504,663,293,153],"segmentation":[[506,663,689,763,797,713,792,778,690,815,504,715]],"category_id":5,"id":14,"area":15954},{"iscrowd":0,"image_id":3,"bbox":[499,718,292,245],"segmentation":[[504,717,692,816,790,776,784,917,682,963,499,851]],"category_id":2,"id":15,"area":40836},{"iscrowd":0,"image_id":3,"bbox":[504,855,274,247],"segmentation":[[505,855,687,961,777,922,771,1061,685,1102,504,988]],"category_id":3,"id":16,"area":37342},{"iscrowd":0,"image_id":4,"bbox":[466,246,233,308],"segmentation":[[471,282,481,271,515,267,526,252,575,246,603,260,699,379,689,535,562,554,545,534,466,416]],"category_id":0,"id":17,"area":54074},{"iscrowd":0,"image_id":4,"bbox":[461,427,231,185],"segmentation":[[464,427,554,565,691,541,691,592,549,612,461,471]],"category_id":1,"id":18,"area":11401},{"iscrowd":0,"image_id":4,"bbox":[453,472,241,292],"segmentation":[[693,592,682,743,544,764,452,616,459,472,551,612]],"category_id":2,"id":19,"area":35632},{"iscrowd":0,"image_id":4,"bbox":[456,627,222,284],"segmentation":[[461,627,555,769,678,745,671,889,555,911,539,901,456,755]],"category_id":3,"id":20,"area":31165},{"iscrowd":0,"image_id":5,"bbox":[588,219,283,292],"segmentation":[[587,280,603,257,638,251,641,231,688,218,729,225,735,242,765,255,793,258,813,272,813,285,863,307,871,472,762,510,742,497,605,418]],"category_id":0,"id":21,"area":59689},{"iscrowd":0,"image_id":5,"bbox":[602,427,276,141],"segmentation":[[603,427,757,514,877,478,878,530,751,567,602,474]],"category_id":1,"id":22,"area":14305},{"iscrowd":0,"image_id":5,"bbox":[604,476,278,262],"segmentation":[[604,476,757,576,879,540,882,690,756,738,608,623]],"category_id":2,"id":23,"area":42527},{"iscrowd":0,"image_id":5,"bbox":[615,631,268,164],"segmentation":[[756,735,882,699,882,753,759,794,618,692,614,631]],"category_id":5,"id":24,"area":15279},{"iscrowd":0,"image_id":5,"bbox":[618,693,268,245],"segmentation":[[620,692,763,798,885,752,884,906,758,937,622,832,617,706]],"category_id":2,"id":25,"area":37966},{"iscrowd":0,"image_id":5,"bbox":[619,831,267,172],"segmentation":[[620,831,765,940,885,911,883,966,764,1003,618,893]],"category_id":5,"id":26,"area":16196},{"iscrowd":0,"image_id":5,"bbox":[619,900,267,246],"segmentation":[[623,900,773,1005,885,966,882,1106,764,1146,618,1029]],"category_id":2,"id":27,"area":36549},{"iscrowd":0,"image_id":5,"bbox":[624,1035,252,254],"segmentation":[[629,1034,768,1147,876,1109,871,1255,775,1288,757,1280,625,1156,624,1063]],"category_id":3,"id":28,"area":34372},{"iscrowd":0,"image_id":6,"bbox":[468,197,354,289],"segmentation":[[468,276,472,256,522,211,544,201,579,196,612,206,621,225,677,235,711,225,740,227,769,240,775,255,821,267,815,426,769,486,480,428,469,417]],"category_id":0,"id":29,"area":79775},{"iscrowd":0,"image_id":6,"bbox":[474,424,343,123],"segmentation":[[473,432,762,489,816,423,813,484,764,546,474,486]],"category_id":4,"id":30,"area":18956},{"iscrowd":0,"image_id":6,"bbox":[474,483,345,229],"segmentation":[[473,486,764,547,818,483,809,642,757,712,474,653]],"category_id":2,"id":31,"area":55706},{"iscrowd":0,"image_id":6,"bbox":[474,642,337,133],"segmentation":[[473,654,756,712,811,642,808,706,756,775,475,714]],"category_id":5,"id":32,"area":20628},{"iscrowd":0,"image_id":6,"bbox":[474,707,335,223],"segmentation":[[475,715,754,773,808,706,801,854,750,929,473,863]],"category_id":2,"id":33,"area":50072},{"iscrowd":0,"image_id":6,"bbox":[474,857,326,224],"segmentation":[[473,862,751,926,799,856,792,1018,748,1080,475,1011]],"category_id":3,"id":34,"area":48781},{"iscrowd":0,"image_id":7,"bbox":[539,173,214,287],"segmentation":[[538,218,550,204,574,199,575,187,610,174,659,173,666,187,679,185,749,273,752,438,620,460,551,356]],"category_id":0,"id":35,"area":48042},{"iscrowd":0,"image_id":7,"bbox":[547,367,215,150],"segmentation":[[611,460,757,443,761,495,615,517,549,416,546,367]],"category_id":1,"id":36,"area":11259},{"iscrowd":0,"image_id":7,"bbox":[551,419,218,264],"segmentation":[[550,418,617,525,765,505,768,669,619,683,560,578]],"category_id":2,"id":37,"area":33194},{"iscrowd":0,"image_id":7,"bbox":[564,573,205,183],"segmentation":[[563,573,625,683,768,665,768,732,628,756,566,644]],"category_id":5,"id":38,"area":14082},{"iscrowd":0,"image_id":7,"bbox":[569,644,204,250],"segmentation":[[568,644,634,757,766,732,772,875,628,894,572,778]],"category_id":2,"id":39,"area":27721},{"iscrowd":0,"image_id":7,"bbox":[570,778,206,179],"segmentation":[[632,893,773,878,775,937,632,957,569,831,572,778]],"category_id":5,"id":40,"area":12602},{"iscrowd":0,"image_id":7,"bbox":[570,833,206,272],"segmentation":[[631,956,774,938,775,1082,632,1104,571,963,569,832]],"category_id":2,"id":41,"area":29283},{"iscrowd":0,"image_id":7,"bbox":[577,978,190,265],"segmentation":[[640,1105,767,1083,765,1221,646,1243,632,1231,578,1094,577,978]],"category_id":3,"id":42,"area":25495},{"iscrowd":0,"image_id":8,"bbox":[423,219,293,300],"segmentation":[[430,270,438,252,485,240,493,221,538,219,565,228,575,244,630,270,658,276,668,296,715,323,708,482,607,519,593,504,428,405,422,392]],"category_id":0,"id":43,"area":62293},{"iscrowd":0,"image_id":8,"bbox":[420,412,293,167],"segmentation":[[423,412,605,531,712,485,710,531,601,579,419,461]],"category_id":1,"id":44,"area":14248},{"iscrowd":0,"image_id":8,"bbox":[416,465,294,266],"segmentation":[[421,465,600,579,710,531,704,683,590,730,416,605]],"category_id":2,"id":45,"area":43272},{"iscrowd":0,"image_id":8,"bbox":[415,615,281,266],"segmentation":[[418,614,598,731,695,689,688,837,598,881,582,868,418,748,414,738]],"category_id":3,"id":46,"area":39302},{"iscrowd":0,"image_id":9,"bbox":[421,204,318,250],"segmentation":[[423,282,427,255,465,219,488,206,528,204,557,215,557,223,609,229,635,221,667,221,691,230,695,241,729,245,739,257,736,397,696,454,424,414,421,407]],"category_id":0,"id":47,"area":65574},{"iscrowd":0,"image_id":9,"bbox":[425,401,308,109],"segmentation":[[425,422,693,458,733,400,731,461,692,510,424,475]],"category_id":1,"id":48,"area":16237},{"iscrowd":0,"image_id":9,"bbox":[424,464,308,199],"segmentation":[[424,478,691,508,730,464,731,607,694,663,429,626]],"category_id":2,"id":49,"area":45962},{"iscrowd":0,"image_id":9,"bbox":[429,610,304,113],"segmentation":[[429,626,693,663,731,610,733,661,690,722,429,688]],"category_id":5,"id":50,"area":18200},{"iscrowd":0,"image_id":9,"bbox":[431,664,301,202],"segmentation":[[430,688,693,722,731,664,724,805,686,866,430,827]],"category_id":2,"id":51,"area":41724},{"iscrowd":0,"image_id":9,"bbox":[428,805,297,203],"segmentation":[[428,823,688,866,724,805,722,949,690,1007,429,964]],"category_id":3,"id":52,"area":41520},{"iscrowd":0,"image_id":10,"bbox":[634,265,334,269],"segmentation":[[633,339,639,321,686,289,690,272,752,265,782,283,781,294,827,294,850,285,899,290,917,305,926,316,965,319,967,482,908,534,641,489,636,481]],"category_id":0,"id":53,"area":72533},{"iscrowd":0,"image_id":10,"bbox":[638,482,334,114],"segmentation":[[638,492,913,535,968,482,972,541,909,596,639,549]],"category_id":1,"id":54,"area":19537},{"iscrowd":0,"image_id":10,"bbox":[642,544,332,217],"segmentation":[[641,550,908,599,973,543,968,701,911,760,651,703]],"category_id":2,"id":55,"area":50806},{"iscrowd":0,"image_id":10,"bbox":[649,704,317,118],"segmentation":[[649,703,911,763,965,707,966,767,910,822,654,766]],"category_id":5,"id":56,"area":18942},{"iscrowd":0,"image_id":10,"bbox":[651,912,317,118],"segmentation":[[650,912,913,971,966,915,967,975,912,1030,655,974]],"category_id":5,"id":57,"area":18942},{"iscrowd":0,"image_id":10,"bbox":[642,765,332,217],"segmentation":[[641,772,908,821,973,765,968,923,911,982,651,925]],"category_id":2,"id":58,"area":50806},{"iscrowd":0,"image_id":10,"bbox":[652,974,312,195],"segmentation":[[656,974,909,1034,964,980,958,1111,902,1169,652,1113]],"category_id":2,"id":59,"area":41891},{"iscrowd":0,"image_id":10,"bbox":[653,1111,303,210],"segmentation":[[652,1110,904,1171,956,1113,951,1265,904,1321,657,1250]],"category_id":3,"id":60,"area":43336},{"iscrowd":0,"image_id":11,"bbox":[568,191,210,296],"segmentation":[[569,229,580,216,607,213,618,194,666,191,695,201,706,207,778,312,775,469,641,487,630,475,568,360]],"category_id":0,"id":61,"area":49795},{"iscrowd":0,"image_id":11,"bbox":[560,371,215,170],"segmentation":[[565,370,633,494,775,478,773,530,631,541,559,418]],"category_id":1,"id":62,"area":10739},{"iscrowd":0,"image_id":11,"bbox":[558,424,217,272],"segmentation":[[631,542,775,531,766,689,627,695,557,567,558,423]],"category_id":2,"id":63,"area":32834},{"iscrowd":0,"image_id":11,"bbox":[555,567,211,186],"segmentation":[[623,701,765,689,765,742,621,752,555,624,556,567]],"category_id":5,"id":64,"area":11284},{"iscrowd":0,"image_id":11,"bbox":[551,624,214,280],"segmentation":[[625,752,765,739,757,888,617,903,551,759,555,623]],"category_id":2,"id":65,"area":31515},{"iscrowd":0,"image_id":11,"bbox":[552,762,202,289],"segmentation":[[622,902,754,891,746,1032,631,1051,610,1030,553,893,552,762]],"category_id":3,"id":66,"area":28392},{"iscrowd":0,"image_id":12,"bbox":[528,229,318,320],"segmentation":[[528,289,533,271,581,256,594,240,633,229,668,239,681,256,732,282,766,284,790,304,845,339,842,505,752,549,738,542,527,431]],"category_id":0,"id":67,"area":72805},{"iscrowd":0,"image_id":12,"bbox":[528,448,321,162],"segmentation":[[533,447,741,555,849,506,849,558,735,609,530,498,528,456]],"category_id":4,"id":68,"area":17152},{"iscrowd":0,"image_id":12,"bbox":[534,502,315,277],"segmentation":[[534,501,738,612,849,566,845,734,731,779,535,659]],"category_id":2,"id":69,"area":51461},{"iscrowd":0,"image_id":12,"bbox":[532,663,312,175],"segmentation":[[731,775,844,731,842,788,732,838,534,719,532,662]],"category_id":5,"id":70,"area":18346},{"iscrowd":0,"image_id":12,"bbox":[532,721,311,275],"segmentation":[[536,720,735,841,843,791,836,941,727,996,532,867]],"category_id":2,"id":71,"area":46523},{"iscrowd":0,"image_id":12,"bbox":[534,871,296,276],"segmentation":[[535,871,730,996,830,945,823,1094,732,1147,713,1137,534,1008]],"category_id":3,"id":72,"area":42833},{"iscrowd":0,"image_id":13,"bbox":[437,271,322,306],"segmentation":[[439,336,444,319,495,292,508,276,542,271,579,282,592,303,636,322,665,319,694,333,702,349,758,373,752,529,675,577,449,476,436,462]],"category_id":0,"id":73,"area":69387},{"iscrowd":0,"image_id":13,"bbox":[437,482,318,259],"segmentation":[[436,481,669,585,754,528,752,679,662,740,438,629]],"category_id":2,"id":74,"area":47939},{"iscrowd":0,"image_id":13,"bbox":[438,630,307,259],"segmentation":[[440,629,664,738,744,681,738,836,665,888,437,772]],"category_id":3,"id":75,"area":44678},{"iscrowd":0,"image_id":14,"bbox":[641,185,232,326],"segmentation":[[640,227,653,209,683,207,695,189,747,185,781,199,793,203,873,319,872,486,863,500,729,511,645,379]],"category_id":0,"id":76,"area":60367},{"iscrowd":0,"image_id":14,"bbox":[642,388,239,300],"segmentation":[[719,520,880,504,873,665,716,688,641,546,645,388]],"category_id":2,"id":77,"area":38605},{"iscrowd":0,"image_id":14,"bbox":[643,551,231,198],"segmentation":[[716,687,874,665,870,730,716,748,643,619,643,550]],"category_id":5,"id":78,"area":14565},{"iscrowd":0,"image_id":14,"bbox":[639,618,233,300],"segmentation":[[712,749,872,731,863,899,707,917,638,768,639,617]],"category_id":2,"id":79,"area":38044},{"iscrowd":0,"image_id":14,"bbox":[640,774,223,208],"segmentation":[[861,899,862,963,710,982,641,833,639,774,709,916]],"category_id":5,"id":80,"area":13973},{"iscrowd":0,"image_id":14,"bbox":[637,834,227,313],"segmentation":[[640,833,712,984,863,965,859,1116,707,1146,636,975]],"category_id":2,"id":81,"area":35176},{"iscrowd":0,"image_id":14,"bbox":[643,987,214,310],"segmentation":[[715,1146,857,1115,854,1266,721,1297,707,1282,643,1122,643,987]],"category_id":3,"id":82,"area":31712},{"iscrowd":0,"image_id":15,"bbox":[792,204,206,282],"segmentation":[[791,241,802,233,830,233,833,213,855,205,884,204,913,209,926,217,924,227,934,227,949,245,966,251,962,259,997,292,995,469,873,486,854,468,792,390]],"category_id":0,"id":83,"area":47662},{"iscrowd":0,"image_id":15,"bbox":[788,401,218,142],"segmentation":[[791,400,859,486,1003,474,1006,529,857,542,787,453]],"category_id":4,"id":84,"area":12183},{"iscrowd":0,"image_id":15,"bbox":[780,461,227,255],"segmentation":[[855,547,1006,537,990,710,847,716,779,610,789,460]],"category_id":2,"id":85,"area":36469},{"iscrowd":0,"image_id":15,"bbox":[778,619,210,160],"segmentation":[[848,717,987,705,985,771,839,778,778,676,781,618]],"category_id":5,"id":86,"area":13478},{"iscrowd":0,"image_id":15,"bbox":[775,679,210,255],"segmentation":[[840,782,984,772,978,925,831,934,774,825,778,678]],"category_id":2,"id":87,"area":31668},{"iscrowd":0,"image_id":15,"bbox":[770,838,210,160],"segmentation":[[840,937,979,925,977,991,831,998,770,896,773,838]],"category_id":5,"id":88,"area":13478},{"iscrowd":0,"image_id":15,"bbox":[769,1036,200,175],"segmentation":[[828,1146,968,1133,965,1200,827,1210,768,1112,769,1035]],"category_id":5,"id":89,"area":13314},{"iscrowd":0,"image_id":15,"bbox":[767,909,210,232],"segmentation":[[834,1005,977,1003,970,1132,823,1140,766,1032,768,909]],"category_id":2,"id":90,"area":27727},{"iscrowd":0,"image_id":15,"bbox":[766,1116,198,237],"segmentation":[[830,1217,964,1208,957,1337,824,1353,766,1222,767,1116]],"category_id":2,"id":91,"area":25386},{"iscrowd":0,"image_id":15,"bbox":[765,1227,194,270],"segmentation":[[765,1227,827,1359,959,1337,947,1481,830,1496,766,1356]],"category_id":3,"id":92,"area":25502},{"iscrowd":0,"image_id":16,"bbox":[647,223,317,287],"segmentation":[[646,279,648,263,701,248,700,226,764,222,797,240,798,252,816,253,852,254,896,259,903,280,962,301,963,474,866,509,660,440]],"category_id":0,"id":93,"area":69939},{"iscrowd":0,"image_id":16,"bbox":[660,440,306,236],"segmentation":[[659,440,870,511,965,478,964,647,860,676,659,595]],"category_id":2,"id":94,"area":49618},{"iscrowd":0,"image_id":16,"bbox":[660,604,306,143],"segmentation":[[659,603,859,680,964,646,965,703,858,746,665,666]],"category_id":5,"id":95,"area":18936},{"iscrowd":0,"image_id":16,"bbox":[687,1231,281,243],"segmentation":[[687,1230,876,1333,968,1282,963,1430,879,1473,690,1366]],"category_id":3,"id":96,"area":38393},{"iscrowd":0,"image_id":16,"bbox":[670,819,306,143],"segmentation":[[669,819,869,896,974,862,975,919,868,962,675,882]],"category_id":5,"id":97,"area":18936},{"iscrowd":0,"image_id":16,"bbox":[678,1035,297,143],"segmentation":[[678,1035,878,1112,975,1074,973,1133,877,1178,684,1098]],"category_id":5,"id":98,"area":18387},{"iscrowd":0,"image_id":16,"bbox":[662,674,308,222],"segmentation":[[662,674,873,745,968,712,970,859,872,896,675,811]],"category_id":2,"id":99,"area":43371},{"iscrowd":0,"image_id":16,"bbox":[676,883,299,231],"segmentation":[[676,883,874,963,969,930,975,1073,874,1114,676,1030]],"category_id":2,"id":100,"area":43967},{"iscrowd":0,"image_id":16,"bbox":[683,1100,288,220],"segmentation":[[683,1099,871,1176,971,1144,964,1286,876,1320,686,1240]],"category_id":2,"id":101,"area":39976},{"iscrowd":0,"image_id":17,"bbox":[852,66,335,236],"segmentation":[[862,106,904,95,905,70,943,66,983,66,1000,74,1000,98,1047,100,1048,77,1091,70,1126,74,1144,85,1143,110,1186,113,1179,286,1143,302,866,281,851,266]],"category_id":0,"id":102,"area":67448},{"iscrowd":0,"image_id":17,"bbox":[854,284,326,88],"segmentation":[[858,284,1133,302,1179,288,1180,346,1132,371,854,346]],"category_id":4,"id":103,"area":21310},{"iscrowd":0,"image_id":17,"bbox":[850,344,325,204],"segmentation":[[855,343,1130,370,1175,348,1169,518,1122,548,850,516]],"category_id":2,"id":104,"area":55895},{"iscrowd":0,"image_id":17,"bbox":[850,513,324,99],"segmentation":[[852,517,1119,546,1173,513,1165,586,1116,611,850,578]],"category_id":5,"id":105,"area":20345},{"iscrowd":0,"image_id":17,"bbox":[840,576,328,203],"segmentation":[[850,575,1118,610,1168,582,1155,742,1105,778,840,735]],"category_id":2,"id":106,"area":51930},{"iscrowd":0,"image_id":17,"bbox":[776,742,379,242],"segmentation":[[840,743,1105,779,1155,742,1139,916,1045,984,776,939,777,903]],"category_id":6,"id":107,"area":68474},{"iscrowd":0,"image_id":17,"bbox":[774,909,367,237],"segmentation":[[777,941,1044,984,1140,909,1127,1067,1037,1146,773,1096]],"category_id":7,"id":108,"area":56623},{"iscrowd":0,"image_id":17,"bbox":[774,1059,354,146],"segmentation":[[773,1095,1036,1146,1127,1059,1126,1114,1036,1204,773,1157]],"category_id":8,"id":109,"area":20978},{"iscrowd":0,"image_id":17,"bbox":[763,1115,362,250],"segmentation":[[773,1159,1030,1206,1125,1114,1114,1275,1020,1364,762,1306]],"category_id":9,"id":110,"area":53944},{"iscrowd":0,"image_id":17,"bbox":[758,1274,356,239],"segmentation":[[766,1304,1019,1361,1114,1274,1105,1399,1015,1513,758,1457]],"category_id":7,"id":111,"area":51246},{"iscrowd":0,"image_id":17,"bbox":[757,1399,349,171],"segmentation":[[762,1452,1011,1510,1105,1399,1100,1466,1009,1570,757,1514]],"category_id":8,"id":112,"area":20980},{"iscrowd":0,"image_id":17,"bbox":[749,1466,356,254],"segmentation":[[754,1518,1011,1574,1104,1466,1097,1606,1001,1720,748,1656]],"category_id":9,"id":113,"area":49146},{"iscrowd":0,"image_id":17,"bbox":[745,1606,344,264],"segmentation":[[754,1659,998,1718,1089,1606,1080,1754,991,1870,744,1796]],"category_id":8,"id":114,"area":48632},{"iscrowd":0,"image_id":18,"bbox":[517,273,316,254],"segmentation":[[516,331,571,279,593,273,632,273,653,287,653,298,699,306,726,295,755,297,785,309,789,320,833,335,827,480,778,527,520,474]],"category_id":0,"id":115,"area":63072},{"iscrowd":0,"image_id":18,"bbox":[522,483,308,209],"segmentation":[[521,482,781,534,829,482,825,632,775,691,523,628]],"category_id":2,"id":116,"area":46087},{"iscrowd":0,"image_id":18,"bbox":[522,628,304,113],"segmentation":[[522,628,774,691,825,634,823,684,772,741,521,687]],"category_id":5,"id":117,"area":16316},{"iscrowd":0,"image_id":18,"bbox":[521,683,304,197],"segmentation":[[522,689,773,741,824,682,814,820,770,879,520,819]],"category_id":2,"id":118,"area":39978},{"iscrowd":0,"image_id":18,"bbox":[521,819,296,203],"segmentation":[[522,819,768,877,816,818,811,965,768,1021,520,963]],"category_id":3,"id":119,"area":42003},{"iscrowd":0,"image_id":19,"bbox":[1012,67,358,292],"segmentation":[[1012,300,1018,118,1022,109,1066,105,1081,71,1151,67,1180,76,1180,111,1189,111,1195,93,1225,86,1291,91,1307,97,1304,123,1369,133,1351,335,1250,359]],"category_id":0,"id":120,"area":83528},{"iscrowd":0,"image_id":19,"bbox":[1008,311,350,252],"segmentation":[[1010,311,1244,365,1357,340,1345,535,1233,562,1007,499]],"category_id":2,"id":121,"area":66419},{"iscrowd":0,"image_id":19,"bbox":[1005,498,339,139],"segmentation":[[1004,497,1236,559,1344,532,1338,609,1231,636,1004,567]],"category_id":5,"id":122,"area":25127},{"iscrowd":0,"image_id":19,"bbox":[993,570,352,252],"segmentation":[[1006,570,1227,638,1344,606,1327,790,1221,821,992,744]],"category_id":2,"id":123,"area":60998},{"iscrowd":0,"image_id":19,"bbox":[871,743,453,295],"segmentation":[[992,743,1215,823,1324,790,1306,979,1075,1038,871,950,871,912]],"category_id":6,"id":124,"area":89092},{"iscrowd":0,"image_id":19,"bbox":[867,949,439,271],"segmentation":[[869,949,1080,1040,1306,973,1292,1140,1068,1220,866,1118]],"category_id":7,"id":125,"area":74877},{"iscrowd":0,"image_id":19,"bbox":[864,1117,426,158],"segmentation":[[865,1117,1069,1218,1289,1143,1283,1209,1063,1274,863,1177]],"category_id":8,"id":126,"area":25229},{"iscrowd":0,"image_id":19,"bbox":[851,1177,439,271],"segmentation":[[854,1177,1064,1268,1290,1201,1276,1368,1052,1448,851,1347]],"category_id":9,"id":127,"area":74877},{"iscrowd":0,"image_id":19,"bbox":[844,1554,405,263],"segmentation":[[846,1554,1039,1667,1248,1582,1238,1721,1036,1817,844,1686]],"category_id":9,"id":128,"area":56678},{"iscrowd":0,"image_id":19,"bbox":[844,1496,410,176],"segmentation":[[848,1496,1048,1609,1251,1518,1253,1574,1038,1671,843,1560]],"category_id":8,"id":129,"area":25308},{"iscrowd":0,"image_id":19,"bbox":[850,1343,417,264],"segmentation":[[850,1343,1046,1442,1266,1373,1256,1515,1054,1606,854,1490]],"category_id":7,"id":130,"area":62369},{"iscrowd":0,"image_id":19,"bbox":[832,1692,402,283],"segmentation":[[844,1691,1035,1814,1233,1723,1222,1879,1024,1974,1010,1964,831,1836,835,1709]],"category_id":10,"id":131,"area":61720},{"iscrowd":0,"image_id":20,"bbox":[594,129,332,261],"segmentation":[[600,191,604,176,646,153,651,140,686,129,725,131,745,143,743,160,785,162,789,150,830,146,870,151,885,167,883,174,925,183,921,352,870,390,598,343,593,333]],"category_id":0,"id":132,"area":70098},{"iscrowd":0,"image_id":20,"bbox":[595,349,328,103],"segmentation":[[596,349,864,394,922,350,921,409,861,452,594,402]],"category_id":4,"id":133,"area":18316},{"iscrowd":0,"image_id":20,"bbox":[589,404,330,222],"segmentation":[[594,403,861,453,919,424,906,588,853,626,589,568]],"category_id":2,"id":134,"area":54048},{"iscrowd":0,"image_id":20,"bbox":[589,574,318,118],"segmentation":[[589,573,853,626,906,584,904,648,846,691,590,634]],"category_id":5,"id":135,"area":20045},{"iscrowd":0,"image_id":20,"bbox":[585,636,320,211],"segmentation":[[590,636,846,691,904,647,899,802,843,847,584,790]],"category_id":2,"id":136,"area":48822},{"iscrowd":0,"image_id":20,"bbox":[585,788,314,128],"segmentation":[[584,788,843,848,899,798,898,860,836,916,585,853]],"category_id":5,"id":137,"area":20756},{"iscrowd":0,"image_id":20,"bbox":[578,855,319,210],"segmentation":[[583,854,835,916,896,860,888,1012,830,1064,578,997]],"category_id":2,"id":138,"area":45630},{"iscrowd":0,"image_id":20,"bbox":[579,997,306,124],"segmentation":[[832,1066,884,1013,881,1069,825,1121,579,1053,579,997]],"category_id":5,"id":139,"area":16988},{"iscrowd":0,"image_id":20,"bbox":[574,1055,309,217],"segmentation":[[580,1054,826,1122,882,1068,876,1208,815,1271,573,1196]],"category_id":2,"id":140,"area":44016},{"iscrowd":0,"image_id":20,"bbox":[572,1194,299,219],"segmentation":[[572,1193,820,1266,871,1209,863,1361,814,1412,572,1337]],"category_id":3,"id":141,"area":42843},{"iscrowd":0,"image_id":21,"bbox":[568,116,249,250],"segmentation":[[567,160,574,150,613,145,614,123,643,115,678,117,698,123,696,139,725,137,757,141,771,149,771,163,816,180,814,344,711,366,572,304,567,296]],"category_id":0,"id":142,"area":50255},{"iscrowd":0,"image_id":21,"bbox":[566,310,255,114],"segmentation":[[568,309,705,369,821,348,819,401,703,423,565,361]],"category_id":1,"id":143,"area":13623},{"iscrowd":0,"image_id":21,"bbox":[563,364,257,227],"segmentation":[[700,431,820,409,815,570,698,591,562,509,565,364]],"category_id":2,"id":144,"area":39635},{"iscrowd":0,"image_id":21,"bbox":[564,511,250,141],"segmentation":[[564,510,698,591,813,572,810,629,696,651,563,567]],"category_id":5,"id":145,"area":14587},{"iscrowd":0,"image_id":21,"bbox":[568,568,244,233],"segmentation":[[567,568,699,653,811,629,810,769,694,800,569,713]],"category_id":2,"id":146,"area":35180},{"iscrowd":0,"image_id":21,"bbox":[568,712,244,142],"segmentation":[[567,711,692,796,811,771,809,832,691,853,568,765]],"category_id":5,"id":147,"area":13736},{"iscrowd":0,"image_id":21,"bbox":[568,764,240,231],"segmentation":[[567,764,694,855,807,832,803,971,687,995,568,903]],"category_id":2,"id":148,"area":33191},{"iscrowd":0,"image_id":21,"bbox":[563,902,244,152],"segmentation":[[567,901,687,997,806,972,804,1033,686,1054,562,964]],"category_id":5,"id":149,"area":14445},{"iscrowd":0,"image_id":21,"bbox":[560,969,242,221],"segmentation":[[561,969,688,1060,801,1037,791,1163,678,1190,559,1082]],"category_id":2,"id":150,"area":29656},{"iscrowd":0,"image_id":21,"bbox":[557,1082,233,248],"segmentation":[[685,1192,789,1165,781,1299,681,1329,556,1205,559,1082]],"category_id":3,"id":151,"area":30489},{"iscrowd":0,"image_id":22,"bbox":[516,189,207,294],"segmentation":[[515,229,520,359,594,477,612,482,722,466,721,311,643,205,591,188,554,205]],"category_id":0,"id":152,"area":46766},{"iscrowd":0,"image_id":22,"bbox":[521,371,210,261],"segmentation":[[520,371,593,488,727,463,730,614,594,632,521,510]],"category_id":2,"id":153,"area":30246},{"iscrowd":0,"image_id":22,"bbox":[522,510,210,183],"segmentation":[[522,510,596,633,731,612,730,672,599,693,521,568]],"category_id":5,"id":154,"area":12284},{"iscrowd":0,"image_id":22,"bbox":[524,571,209,258],"segmentation":[[525,571,598,697,733,672,727,809,594,829,524,700]],"category_id":2,"id":155,"area":27436},{"iscrowd":0,"image_id":22,"bbox":[525,703,199,264],"segmentation":[[525,703,606,830,724,810,723,948,601,967,528,831]],"category_id":3,"id":156,"area":26672},{"iscrowd":0,"image_id":23,"bbox":[982,97,241,257],"segmentation":[[985,150,994,132,1026,132,1027,104,1067,97,1120,103,1126,113,1170,113,1182,125,1176,143,1223,156,1220,344,1097,354,985,303,982,291]],"category_id":0,"id":157,"area":52573},{"iscrowd":0,"image_id":23,"bbox":[981,314,244,100],"segmentation":[[985,313,1080,354,1224,343,1223,404,1077,413,980,368]],"category_id":4,"id":158,"area":14324},{"iscrowd":0,"image_id":23,"bbox":[987,372,234,225],"segmentation":[[986,372,1074,418,1220,409,1219,581,1077,597,988,541]],"category_id":2,"id":159,"area":40599},{"iscrowd":0,"image_id":23,"bbox":[982,545,240,124],"segmentation":[[983,544,1079,594,1222,578,1217,657,1074,668,982,600]],"category_id":5,"id":160,"area":17112},{"iscrowd":0,"image_id":23,"bbox":[978,603,241,234],"segmentation":[[983,603,1073,668,1219,662,1213,823,1064,837,977,760]],"category_id":2,"id":161,"area":39181},{"iscrowd":0,"image_id":23,"bbox":[840,752,369,265],"segmentation":[[979,751,1069,843,1208,825,1201,997,919,1016,839,932,842,898]],"category_id":6,"id":162,"area":64774},{"iscrowd":0,"image_id":23,"bbox":[840,933,360,249],"segmentation":[[919,1016,1199,998,1191,1160,911,1181,839,1088,841,932]],"category_id":7,"id":163,"area":57986},{"iscrowd":0,"image_id":23,"bbox":[838,1090,356,151],"segmentation":[[914,1179,1194,1159,1189,1222,914,1241,838,1144,839,1090]],"category_id":8,"id":164,"area":21749},{"iscrowd":0,"image_id":23,"bbox":[835,1146,356,251],"segmentation":[[914,1238,1191,1222,1183,1366,914,1397,835,1285,836,1146]],"category_id":9,"id":165,"area":53052},{"iscrowd":0,"image_id":23,"bbox":[834,1283,351,266],"segmentation":[[910,1398,1185,1366,1177,1518,908,1548,833,1426,838,1282]],"category_id":7,"id":166,"area":52032},{"iscrowd":0,"image_id":23,"bbox":[835,1430,341,176],"segmentation":[[914,1548,1176,1516,1173,1576,913,1606,836,1482,835,1429]],"category_id":8,"id":167,"area":19584},{"iscrowd":0,"image_id":23,"bbox":[832,1478,341,275],"segmentation":[[911,1603,1173,1573,1166,1726,902,1753,832,1629,835,1478]],"category_id":9,"id":168,"area":51349},{"iscrowd":0,"image_id":23,"bbox":[832,1640,331,262],"segmentation":[[907,1748,1163,1728,1154,1870,907,1901,832,1756,832,1640]],"category_id":10,"id":169,"area":47144},{"iscrowd":0,"image_id":24,"bbox":[412,239,330,273],"segmentation":[[415,310,455,249,476,246,515,239,546,251,556,265,611,268,652,262,687,274,699,289,741,300,734,459,700,511,420,459,411,449]],"category_id":0,"id":170,"area":70833},{"iscrowd":0,"image_id":24,"bbox":[413,455,323,219],"segmentation":[[414,465,694,519,736,455,730,600,691,674,413,616]],"category_id":2,"id":171,"area":48540},{"iscrowd":0,"image_id":24,"bbox":[410,603,317,215],"segmentation":[[414,618,690,673,727,602,719,752,688,817,410,764]],"category_id":3,"id":172,"area":45012},{"iscrowd":0,"image_id":25,"bbox":[1160,94,270,344],"segmentation":[[1165,146,1217,131,1212,103,1284,93,1325,113,1329,126,1366,126,1384,144,1384,164,1430,197,1425,428,1255,437,1160,349,1160,182]],"category_id":0,"id":173,"area":78039},{"iscrowd":0,"image_id":25,"bbox":[1147,361,285,293],"segmentation":[[1152,360,1243,437,1432,434,1416,652,1234,654,1147,564]],"category_id":2,"id":174,"area":59570},{"iscrowd":0,"image_id":25,"bbox":[1144,564,275,177],"segmentation":[[1148,564,1234,652,1419,651,1412,734,1234,741,1143,646]],"category_id":5,"id":175,"area":23349},{"iscrowd":0,"image_id":25,"bbox":[1137,646,272,298],"segmentation":[[1235,742,1409,736,1401,939,1225,944,1137,834,1142,646]],"category_id":2,"id":176,"area":53806},{"iscrowd":0,"image_id":25,"bbox":[975,841,426,318],"segmentation":[[1224,949,1401,936,1389,1133,1043,1159,975,1037,975,995,1139,841]],"category_id":6,"id":177,"area":90174},{"iscrowd":0,"image_id":25,"bbox":[973,1041,418,305],"segmentation":[[1391,1139,1381,1316,1039,1346,978,1216,973,1041,1042,1162]],"category_id":7,"id":178,"area":73724},{"iscrowd":0,"image_id":25,"bbox":[977,1213,400,205],"segmentation":[[1043,1344,1376,1315,1375,1385,1043,1418,976,1278,978,1213]],"category_id":8,"id":179,"area":28656},{"iscrowd":0,"image_id":25,"bbox":[980,1282,395,320],"segmentation":[[1043,1424,1375,1388,1373,1565,1047,1601,983,1444,980,1282]],"category_id":9,"id":180,"area":68579},{"iscrowd":0,"image_id":25,"bbox":[980,1446,395,328],"segmentation":[[1043,1603,1375,1564,1368,1739,1040,1774,980,1611,980,1446]],"category_id":7,"id":181,"area":67536},{"iscrowd":0,"image_id":25,"bbox":[987,1679,378,328],"segmentation":[[1045,1836,1364,1801,1360,1964,1045,2006,988,1818,986,1678]],"category_id":9,"id":182,"area":61595},{"iscrowd":0,"image_id":25,"bbox":[987,1620,380,216],"segmentation":[[1047,1777,1363,1731,1366,1797,1042,1836,986,1677,986,1619]],"category_id":8,"id":183,"area":23705},{"iscrowd":0,"image_id":25,"bbox":[991,1858,369,305],"segmentation":[[996,1857,1052,2013,1360,1965,1357,2118,1058,2162,1039,2146,991,1982]],"category_id":10,"id":184,"area":55315},{"iscrowd":0,"image_id":26,"bbox":[930,84,313,250],"segmentation":[[932,125,982,115,982,88,1041,83,1085,93,1079,121,1095,121,1095,99,1157,95,1188,102,1188,132,1242,140,1235,318,1147,333,941,302,930,288]],"category_id":0,"id":185,"area":65957},{"iscrowd":0,"image_id":26,"bbox":[927,305,313,96],"segmentation":[[930,305,1129,333,1239,322,1235,382,1132,400,927,358]],"category_id":4,"id":186,"area":18926},{"iscrowd":0,"image_id":26,"bbox":[929,361,311,217],"segmentation":[[928,360,1129,400,1239,382,1228,565,1118,578,928,531]],"category_id":2,"id":187,"area":53839},{"iscrowd":0,"image_id":26,"bbox":[927,531,303,116],"segmentation":[[930,531,1118,579,1229,565,1225,628,1117,646,927,590]],"category_id":5,"id":188,"area":19247},{"iscrowd":0,"image_id":26,"bbox":[917,590,311,231],"segmentation":[[925,589,1118,649,1228,628,1217,799,1111,820,917,753]],"category_id":2,"id":189,"area":51282},{"iscrowd":0,"image_id":26,"bbox":[803,752,417,264],"segmentation":[[917,752,1109,819,1219,798,1207,965,988,1016,802,942,804,906]],"category_id":6,"id":190,"area":74357},{"iscrowd":0,"image_id":26,"bbox":[801,941,404,243],"segmentation":[[801,940,987,1015,1205,962,1192,1118,984,1183,801,1096]],"category_id":7,"id":191,"area":64159},{"iscrowd":0,"image_id":26,"bbox":[796,1100,399,144],"segmentation":[[798,1099,988,1185,1194,1119,1188,1179,981,1243,795,1153]],"category_id":8,"id":192,"area":22860},{"iscrowd":0,"image_id":26,"bbox":[793,1154,397,247],"segmentation":[[801,1153,981,1243,1189,1179,1179,1329,974,1400,792,1302]],"category_id":9,"id":193,"area":59593},{"iscrowd":0,"image_id":26,"bbox":[787,1308,391,253],"segmentation":[[794,1308,974,1398,1178,1330,1168,1479,972,1560,787,1446]],"category_id":7,"id":194,"area":58715},{"iscrowd":0,"image_id":26,"bbox":[787,1448,383,157],"segmentation":[[791,1448,974,1555,1169,1473,1168,1535,967,1605,787,1502]],"category_id":8,"id":195,"area":20798},{"iscrowd":0,"image_id":26,"bbox":[783,1505,387,254],"segmentation":[[784,1505,965,1609,1169,1538,1158,1673,955,1759,782,1646]],"category_id":9,"id":196,"area":54672},{"iscrowd":0,"image_id":26,"bbox":[777,1651,376,254],"segmentation":[[787,1650,958,1762,1152,1676,1142,1823,957,1905,777,1783]],"category_id":10,"id":197,"area":51961},{"iscrowd":0,"image_id":27,"bbox":[564,48,196,245],"segmentation":[[567,85,577,75,600,76,602,56,636,48,666,49,685,55,685,68,709,76,722,84,722,95,730,94,760,119,754,286,634,293,620,279,566,221,576,207,566,194,577,183,564,166,574,158,566,144,574,133,565,116,576,105]],"category_id":0,"id":198,"area":39223},{"iscrowd":0,"image_id":27,"bbox":[565,235,194,114],"segmentation":[[565,235,627,301,759,291,757,340,623,349,566,284]],"category_id":1,"id":199,"area":9444},{"iscrowd":0,"image_id":27,"bbox":[568,293,190,221],"segmentation":[[567,293,625,360,757,349,752,502,623,513,567,432]],"category_id":2,"id":200,"area":28276},{"iscrowd":0,"image_id":27,"bbox":[568,433,185,135],"segmentation":[[567,433,627,514,752,502,750,557,623,567,568,487]],"category_id":5,"id":201,"area":9979},{"iscrowd":0,"image_id":27,"bbox":[563,485,191,232],"segmentation":[[622,569,753,562,748,706,621,716,563,627,564,484]],"category_id":2,"id":202,"area":27256},{"iscrowd":0,"image_id":27,"bbox":[563,635,188,140],"segmentation":[[566,635,622,718,751,708,749,768,621,775,563,687]],"category_id":5,"id":203,"area":10831},{"iscrowd":0,"image_id":27,"bbox":[562,685,187,236],"segmentation":[[618,777,749,767,747,909,614,920,562,816,564,684]],"category_id":2,"id":204,"area":26284},{"iscrowd":0,"image_id":27,"bbox":[562,812,184,159],"segmentation":[[622,923,746,909,742,965,623,970,562,859,565,811]],"category_id":5,"id":205,"area":9166},{"iscrowd":0,"image_id":27,"bbox":[558,857,189,250],"segmentation":[[618,972,746,964,739,1100,613,1106,557,995,562,856]],"category_id":2,"id":206,"area":25305},{"iscrowd":0,"image_id":27,"bbox":[556,1000,179,244],"segmentation":[[613,1108,734,1098,726,1234,611,1243,555,1121,557,999]],"category_id":3,"id":207,"area":23335},{"iscrowd":0,"image_id":28,"bbox":[635,203,343,276],"segmentation":[[634,263,679,229,692,210,737,202,777,211,780,231,823,234,864,222,922,231,925,254,976,265,977,433,919,478,646,430]],"category_id":0,"id":208,"area":75512},{"iscrowd":0,"image_id":28,"bbox":[644,437,334,209],"segmentation":[[645,437,918,483,977,441,978,603,909,646,644,602]],"category_id":2,"id":209,"area":54742},{"iscrowd":0,"image_id":28,"bbox":[646,601,332,116],"segmentation":[[646,603,911,643,977,601,978,666,911,717,649,665]],"category_id":5,"id":210,"area":22432},{"iscrowd":0,"image_id":28,"bbox":[668,1241,302,202],"segmentation":[[668,1242,919,1303,970,1240,965,1385,921,1442,670,1380]],"category_id":3,"id":211,"area":41346},{"iscrowd":0,"image_id":28,"bbox":[656,819,322,119],"segmentation":[[655,823,921,863,977,818,976,888,921,937,659,885]],"category_id":5,"id":212,"area":21766},{"iscrowd":0,"image_id":28,"bbox":[660,1032,319,117],"segmentation":[[659,1035,925,1075,978,1032,973,1103,925,1149,663,1097]],"category_id":5,"id":213,"area":21410},{"iscrowd":0,"image_id":28,"bbox":[646,667,332,199],"segmentation":[[645,667,919,713,977,671,975,816,923,865,656,816]],"category_id":2,"id":214,"area":48612},{"iscrowd":0,"image_id":28,"bbox":[657,885,322,190],"segmentation":[[656,885,923,934,976,891,978,1027,925,1075,661,1037]],"category_id":2,"id":215,"area":46138},{"iscrowd":0,"image_id":28,"bbox":[666,1101,311,189],"segmentation":[[665,1101,924,1148,976,1105,967,1234,921,1289,667,1242]],"category_id":2,"id":216,"area":42651},{"iscrowd":0,"image_id":29,"bbox":[708,189,290,278],"segmentation":[[710,240,716,225,765,216,765,192,820,189,856,200,854,216,872,219,917,219,950,229,947,249,997,266,993,441,893,466,713,393,708,379]],"category_id":0,"id":217,"area":62902},{"iscrowd":0,"image_id":29,"bbox":[707,394,297,136],"segmentation":[[710,393,884,470,1002,444,1003,498,880,529,706,450]],"category_id":4,"id":218,"area":17161},{"iscrowd":0,"image_id":29,"bbox":[701,452,299,245],"segmentation":[[709,451,882,532,1000,506,984,677,870,697,701,614]],"category_id":2,"id":219,"area":48061},{"iscrowd":0,"image_id":29,"bbox":[698,613,287,152],"segmentation":[[700,613,869,696,984,675,980,740,866,765,697,676]],"category_id":5,"id":220,"area":19093},{"iscrowd":0,"image_id":29,"bbox":[693,674,288,250],"segmentation":[[701,673,868,766,981,739,974,890,859,923,693,821]],"category_id":2,"id":221,"area":43574},{"iscrowd":0,"image_id":29,"bbox":[693,822,283,171],"segmentation":[[693,825,695,821,859,926,975,891,969,959,852,992,693,891]],"category_id":5,"id":222,"area":19215},{"iscrowd":0,"image_id":29,"bbox":[686,889,288,251],"segmentation":[[853,992,974,959,960,1102,844,1140,686,1026,691,889]],"category_id":2,"id":223,"area":40429},{"iscrowd":0,"image_id":29,"bbox":[686,1031,276,169],"segmentation":[[851,1140,961,1107,958,1163,846,1199,687,1085,686,1030]],"category_id":5,"id":224,"area":15688},{"iscrowd":0,"image_id":29,"bbox":[683,1084,278,265],"segmentation":[[690,1084,850,1201,960,1164,952,1307,840,1349,682,1223]],"category_id":2,"id":225,"area":39648},{"iscrowd":0,"image_id":29,"bbox":[684,1227,262,260],"segmentation":[[688,1227,845,1348,945,1309,936,1449,839,1487,683,1359,684,1242]],"category_id":3,"id":226,"area":35544},{"iscrowd":0,"image_id":30,"bbox":[680,266,311,320],"segmentation":[[679,317,684,303,732,292,738,277,777,266,813,271,837,297,872,318,909,320,934,338,933,354,991,381,986,556,878,586,682,471]],"category_id":0,"id":227,"area":72465},{"iscrowd":0,"image_id":30,"bbox":[677,483,310,288],"segmentation":[[677,483,866,596,987,560,984,726,860,770,677,643]],"category_id":2,"id":228,"area":52044},{"iscrowd":0,"image_id":30,"bbox":[676,640,309,191],"segmentation":[[677,639,859,772,985,722,980,785,854,830,676,713]],"category_id":5,"id":229,"area":19606},{"iscrowd":0,"image_id":30,"bbox":[668,718,315,272],"segmentation":[[676,718,855,833,983,784,975,952,852,989,668,864]],"category_id":2,"id":230,"area":48330},{"iscrowd":0,"image_id":30,"bbox":[674,881,298,180],"segmentation":[[674,880,853,993,971,954,970,1017,847,1060,674,935]],"category_id":5,"id":231,"area":18742},{"iscrowd":0,"image_id":30,"bbox":[670,934,302,286],"segmentation":[[674,934,847,1061,971,1017,961,1166,838,1220,669,1083]],"category_id":2,"id":232,"area":45830},{"iscrowd":0,"image_id":30,"bbox":[670,1083,291,290],"segmentation":[[670,1083,853,1216,960,1169,953,1321,852,1372,669,1222]],"category_id":3,"id":233,"area":43166},{"iscrowd":0,"image_id":31,"bbox":[894,56,378,281],"segmentation":[[905,107,953,94,959,57,1018,56,1062,66,1059,90,1068,100,1115,100,1117,76,1161,68,1202,72,1227,82,1225,106,1271,110,1259,309,1211,337,908,304,893,282]],"category_id":0,"id":234,"area":87696},{"iscrowd":0,"image_id":31,"bbox":[891,308,369,231],"segmentation":[[900,307,1212,343,1259,312,1249,503,1196,538,890,494]],"category_id":2,"id":235,"area":68796},{"iscrowd":0,"image_id":31,"bbox":[891,494,363,116],"segmentation":[[895,494,1200,537,1253,500,1245,576,1193,610,890,566]],"category_id":5,"id":236,"area":26044},{"iscrowd":0,"image_id":31,"bbox":[885,568,357,225],"segmentation":[[890,568,1189,609,1242,573,1228,750,1174,792,884,747]],"category_id":2,"id":237,"area":62988},{"iscrowd":0,"image_id":31,"bbox":[813,747,416,276],"segmentation":[[886,747,1177,790,1228,750,1209,934,1112,1023,812,972,812,934]],"category_id":6,"id":238,"area":85266},{"iscrowd":0,"image_id":31,"bbox":[804,934,403,268],"segmentation":[[812,966,1111,1023,1206,934,1190,1097,1090,1201,803,1140]],"category_id":7,"id":239,"area":67202},{"iscrowd":0,"image_id":31,"bbox":[802,1099,388,168],"segmentation":[[802,1137,1090,1201,1190,1098,1187,1162,1089,1266,802,1206]],"category_id":8,"id":240,"area":25404},{"iscrowd":0,"image_id":31,"bbox":[789,1162,397,271],"segmentation":[[799,1204,1089,1266,1186,1162,1177,1315,1072,1432,789,1366]],"category_id":9,"id":241,"area":62552},{"iscrowd":0,"image_id":31,"bbox":[783,1319,390,278],"segmentation":[[787,1366,1070,1435,1172,1319,1158,1470,1062,1597,783,1522]],"category_id":7,"id":242,"area":59243},{"iscrowd":0,"image_id":31,"bbox":[785,1471,374,184],"segmentation":[[784,1522,1061,1594,1158,1470,1156,1526,1059,1654,784,1582]],"category_id":8,"id":243,"area":22131},{"iscrowd":0,"image_id":31,"bbox":[777,1530,375,279],"segmentation":[[781,1584,1056,1656,1152,1529,1140,1672,1046,1809,777,1731]],"category_id":9,"id":244,"area":53927},{"iscrowd":0,"image_id":31,"bbox":[769,1677,369,278],"segmentation":[[774,1731,1045,1809,1137,1676,1131,1826,1034,1954,768,1875]],"category_id":10,"id":245,"area":52478},{"iscrowd":0,"image_id":32,"bbox":[737,211,239,292],"segmentation":[[736,255,748,239,781,235,783,220,835,210,876,221,905,256,922,262,932,279,971,313,975,485,837,502,746,405]],"category_id":0,"id":246,"area":54215},{"iscrowd":0,"image_id":32,"bbox":[744,420,231,266],"segmentation":[[743,420,834,516,975,493,975,664,832,686,746,576]],"category_id":2,"id":247,"area":38515},{"iscrowd":0,"image_id":32,"bbox":[747,583,229,169],"segmentation":[[747,582,831,686,976,663,975,732,830,751,749,644]],"category_id":5,"id":248,"area":14798},{"iscrowd":0,"image_id":32,"bbox":[744,659,231,266],"segmentation":[[744,659,834,755,975,732,975,903,833,925,746,815]],"category_id":2,"id":249,"area":38515},{"iscrowd":0,"image_id":32,"bbox":[750,1084,223,258],"segmentation":[[751,1084,839,1205,972,1180,970,1320,831,1341,749,1201]],"category_id":2,"id":250,"area":30075},{"iscrowd":0,"image_id":32,"bbox":[749,819,229,159],"segmentation":[[748,819,832,922,977,899,973,954,834,978,751,880]],"category_id":5,"id":251,"area":12476},{"iscrowd":0,"image_id":32,"bbox":[753,1015,227,186],"segmentation":[[755,1015,835,1135,979,1113,978,1181,834,1201,753,1093]],"category_id":5,"id":252,"area":15591},{"iscrowd":0,"image_id":32,"bbox":[755,890,227,239],"segmentation":[[754,890,840,976,981,953,973,1109,840,1128,757,1003]],"category_id":2,"id":253,"area":32255},{"iscrowd":0,"image_id":32,"bbox":[753,1215,213,276],"segmentation":[[753,1215,836,1341,966,1320,960,1469,837,1491,755,1338]],"category_id":3,"id":254,"area":29830},{"iscrowd":0,"image_id":33,"bbox":[525,86,304,237],"segmentation":[[524,144,527,128,570,112,573,91,621,85,663,96,662,114,695,115,696,108,729,98,767,99,784,106,785,127,828,129,825,291,776,322,532,291,524,279]],"category_id":0,"id":255,"area":60432},{"iscrowd":0,"image_id":33,"bbox":[524,292,306,92],"segmentation":[[527,295,768,327,829,292,829,349,770,383,523,345]],"category_id":1,"id":256,"area":16483},{"iscrowd":0,"image_id":33,"bbox":[525,347,302,196],"segmentation":[[525,346,767,384,826,354,820,502,760,543,524,502]],"category_id":2,"id":257,"area":46605},{"iscrowd":0,"image_id":33,"bbox":[526,500,298,105],"segmentation":[[525,501,759,542,823,499,820,565,761,604,526,562]],"category_id":5,"id":258,"area":18261},{"iscrowd":0,"image_id":33,"bbox":[525,561,295,193],"segmentation":[[525,561,765,605,819,567,818,712,762,754,524,706]],"category_id":2,"id":259,"area":43215},{"iscrowd":0,"image_id":33,"bbox":[528,705,291,106],"segmentation":[[527,705,762,752,817,712,818,763,761,811,527,759]],"category_id":5,"id":260,"area":16228},{"iscrowd":0,"image_id":33,"bbox":[527,763,290,187],"segmentation":[[530,762,761,812,816,764,810,906,752,949,526,894]],"category_id":2,"id":261,"area":38592},{"iscrowd":0,"image_id":33,"bbox":[523,895,288,108],"segmentation":[[523,895,753,949,810,905,806,953,751,1003,522,945]],"category_id":5,"id":262,"area":14705},{"iscrowd":0,"image_id":33,"bbox":[519,945,289,195],"segmentation":[[522,945,751,1003,807,952,798,1091,745,1140,519,1077]],"category_id":2,"id":263,"area":38010},{"iscrowd":0,"image_id":33,"bbox":[514,1078,281,198],"segmentation":[[520,1078,745,1139,795,1093,786,1234,739,1276,517,1209,514,1198,518,1090]],"category_id":3,"id":264,"area":36953}],"categories":[{"id":0,"name":"outdata-1d","supercategory":"outdata-1d"},{"id":1,"name":"softmax","supercategory":"softmax"},{"id":2,"name":"dense","supercategory":"dense"},{"id":3,"name":"indata-1d","supercategory":"indata-1d"},{"id":4,"name":"sigmoid","supercategory":"sigmoid"},{"id":5,"name":"relu-1d","supercategory":"relu-1d"},{"id":6,"name":"flatten","supercategory":"flatten"},{"id":7,"name":"maxpooling-2d","supercategory":"maxpooling-2d"},{"id":8,"name":"relu-2d","supercategory":"relu-2d"},{"id":9,"name":"conv-2d","supercategory":"conv-2d"},{"id":10,"name":"indata-2d","supercategory":"indata-2d"}]}