{"images":[{"height":1200,"width":1200,"id":1,"file_name":"5_75.jpg"},{"height":1454,"width":1454,"id":2,"file_name":"4_15.jpg"},{"height":1301,"width":1300,"id":3,"file_name":"20_75.jpg"},{"height":2559,"width":2559,"id":4,"file_name":"15_45.jpg"},{"height":1332,"width":1332,"id":5,"file_name":"6_45.jpg"},{"height":1950,"width":1950,"id":6,"file_name":"16_15.jpg"},{"height":1175,"width":1174,"id":7,"file_name":"5_15.jpg"},{"height":2045,"width":2044,"id":8,"file_name":"14_45.jpg"},{"height":1469,"width":1469,"id":9,"file_name":"7_45.jpg"},{"height":1257,"width":1256,"id":10,"file_name":"4_75.jpg"},{"height":1247,"width":1247,"id":11,"file_name":"20_15.jpg"},{"height":1391,"width":1391,"id":12,"file_name":"7_15.jpg"},{"height":2023,"width":2023,"id":13,"file_name":"14_15.jpg"},{"height":1128,"width":1128,"id":14,"file_name":"5_45.jpg"},{"height":1945,"width":1944,"id":15,"file_name":"16_45.jpg"},{"height":2621,"width":2620,"id":16,"file_name":"15_75.jpg"},{"height":1269,"width":1269,"id":17,"file_name":"20_45.jpg"},{"height":1191,"width":1191,"id":18,"file_name":"6_75.jpg"},{"height":2041,"width":2041,"id":19,"file_name":"14_75.jpg"},{"height":1350,"width":1349,"id":20,"file_name":"6_15.jpg"},{"height":2561,"width":2560,"id":21,"file_name":"15_15.jpg"},{"height":1151,"width":1150,"id":22,"file_name":"1_45.jpg"},{"height":2708,"width":2708,"id":23,"file_name":"12_45.jpg"},{"height":1517,"width":1516,"id":24,"file_name":"3_15.jpg"},{"height":1676,"width":1675,"id":25,"file_name":"8_45.jpg"},{"height":1336,"width":1336,"id":26,"file_name":"24_45.jpg"},{"height":1965,"width":1965,"id":27,"file_name":"11_75.jpg"},{"height":1338,"width":1338,"id":28,"file_name":"2_75.jpg"},{"height":2130,"width":2130,"id":29,"file_name":"9_45.jpg"},{"height":1567,"width":1567,"id":30,"file_name":"10_75.jpg"},{"height":1518,"width":1518,"id":31,"file_name":"3_75.jpg"},{"height":1236,"width":1235,"id":32,"file_name":"2_15.jpg"},{"height":2077,"width":2076,"id":33,"file_name":"11_15.jpg"},{"height":1079,"width":1078,"id":34,"file_name":"1_75.jpg"},{"height":2320,"width":2320,"id":35,"file_name":"9_15.jpg"},{"height":2700,"width":2699,"id":36,"file_name":"12_75.jpg"},{"height":2008,"width":2007,"id":37,"file_name":"11_45.jpg"},{"height":1334,"width":1333,"id":38,"file_name":"24_75.jpg"},{"height":1338,"width":1337,"id":39,"file_name":"2_45.jpg"},{"height":1316,"width":1316,"id":40,"file_name":"13_15.jpg"},{"height":1627,"width":1627,"id":41,"file_name":"8_75.jpg"},{"height":1641,"width":1641,"id":42,"file_name":"10_45.jpg"},{"height":1610,"width":1609,"id":43,"file_name":"3_45.jpg"},{"height":2661,"width":2660,"id":44,"file_name":"12_15.jpg"},{"height":2071,"width":2071,"id":45,"file_name":"9_75.jpg"},{"height":1698,"width":1698,"id":46,"file_name":"8_15.jpg"},{"height":1329,"width":1328,"id":47,"file_name":"13_75.jpg"}],"annotations":[{"iscrowd":0,"image_id":1,"bbox":[425,252,321,269],"segmentation":[[431,324,431,308,477,264,502,251,533,251,565,265,565,275,617,284,643,276,673,276,704,290,709,301,720,308,743,306,745,316,738,463,700,521,424,463]],"category_id":0,"id":1,"area":67353},{"iscrowd":0,"image_id":1,"bbox":[417,462,324,121],"segmentation":[[422,471,699,529,740,461,736,520,692,582,417,521]],"category_id":1,"id":2,"area":16790},{"iscrowd":0,"image_id":1,"bbox":[414,525,321,203],"segmentation":[[419,526,692,585,735,525,728,661,684,728,414,674]],"category_id":2,"id":3,"area":45510},{"iscrowd":0,"image_id":1,"bbox":[414,671,311,203],"segmentation":[[420,674,683,730,724,671,717,816,683,873,413,815]],"category_id":3,"id":4,"area":43304},{"iscrowd":0,"image_id":2,"bbox":[586,265,251,330],"segmentation":[[585,310,597,292,630,288,652,269,687,265,722,276,735,284,835,399,836,571,707,594,685,584,591,452]],"category_id":0,"id":5,"area":62708},{"iscrowd":0,"image_id":2,"bbox":[590,467,251,189],"segmentation":[[593,467,694,598,840,568,840,628,694,655,590,516]],"category_id":4,"id":6,"area":14385},{"iscrowd":0,"image_id":2,"bbox":[589,523,254,304],"segmentation":[[693,654,842,634,841,802,695,826,592,678,589,522]],"category_id":2,"id":7,"area":41798},{"iscrowd":0,"image_id":2,"bbox":[594,677,243,209],"segmentation":[[694,823,837,803,836,857,693,886,594,734,595,677]],"category_id":5,"id":8,"area":14466},{"iscrowd":0,"image_id":2,"bbox":[593,737,244,304],"segmentation":[[692,888,837,857,836,1010,686,1041,593,882,594,737]],"category_id":2,"id":9,"area":37160},{"iscrowd":0,"image_id":2,"bbox":[595,894,236,307],"segmentation":[[687,1039,831,1011,825,1169,697,1201,682,1182,595,1023,596,893]],"category_id":3,"id":10,"area":35512},{"iscrowd":0,"image_id":3,"bbox":[541,114,295,224],"segmentation":[[541,156,580,137,587,121,628,114,664,124,663,138,704,147,711,134,750,127,788,136,790,153,836,157,833,309,795,338,551,311,540,298]],"category_id":0,"id":11,"area":55322},{"iscrowd":0,"image_id":3,"bbox":[541,313,292,79],"segmentation":[[540,317,788,343,832,313,829,356,785,392,544,359]],"category_id":4,"id":12,"area":13112},{"iscrowd":0,"image_id":3,"bbox":[539,363,294,189],"segmentation":[[538,364,787,396,833,362,829,510,783,551,546,512]],"category_id":2,"id":13,"area":43528},{"iscrowd":0,"image_id":3,"bbox":[545,513,283,91],"segmentation":[[545,512,783,552,828,514,825,565,782,603,546,567]],"category_id":5,"id":14,"area":14703},{"iscrowd":0,"image_id":3,"bbox":[541,565,286,184],"segmentation":[[545,569,782,604,826,565,820,709,773,749,540,704]],"category_id":2,"id":15,"area":39537},{"iscrowd":0,"image_id":3,"bbox":[482,709,338,232],"segmentation":[[538,708,772,752,819,711,812,849,719,941,481,893,481,866]],"category_id":6,"id":16,"area":56910},{"iscrowd":0,"image_id":3,"bbox":[481,850,335,218],"segmentation":[[480,896,721,943,812,849,815,873,725,966,600,1067,481,1040]],"category_id":7,"id":17,"area":30204},{"iscrowd":0,"image_id":3,"bbox":[487,999,209,204],"segmentation":[[487,1044,600,1063,688,998,696,1010,691,1080,685,1094,593,1202,490,1178]],"category_id":3,"id":18,"area":25437},{"iscrowd":0,"image_id":4,"bbox":[1202,83,275,215],"segmentation":[[1202,133,1243,126,1243,109,1249,95,1333,95,1333,115,1342,115,1343,88,1433,82,1431,106,1474,113,1476,288,1389,279,1209,297,1207,279]],"category_id":0,"id":19,"area":50454},{"iscrowd":0,"image_id":4,"bbox":[1202,283,280,69],"segmentation":[[1203,302,1393,282,1482,288,1480,339,1202,351]],"category_id":1,"id":20,"area":15290},{"iscrowd":0,"image_id":4,"bbox":[1200,355,280,171],"segmentation":[[1202,366,1480,355,1476,526,1200,519]],"category_id":2,"id":21,"area":44862},{"iscrowd":0,"image_id":4,"bbox":[1199,519,276,67],"segmentation":[[1198,519,1474,526,1473,586,1373,584,1198,573]],"category_id":5,"id":22,"area":16171},{"iscrowd":0,"image_id":4,"bbox":[1197,581,278,169],"segmentation":[[1202,580,1474,586,1465,749,1367,749,1196,729]],"category_id":2,"id":23,"area":43434},{"iscrowd":0,"image_id":4,"bbox":[1093,737,365,185],"segmentation":[[1193,737,1367,751,1458,749,1458,900,1271,922,1094,897,1093,864]],"category_id":6,"id":24,"area":54538},{"iscrowd":0,"image_id":4,"bbox":[1088,894,365,187],"segmentation":[[1089,893,1271,920,1453,908,1445,1062,1269,1080,1087,1048]],"category_id":8,"id":25,"area":56745},{"iscrowd":0,"image_id":4,"bbox":[1086,1054,360,187],"segmentation":[[1093,1053,1262,1088,1445,1060,1443,1213,1267,1240,1085,1204]],"category_id":9,"id":26,"area":54209},{"iscrowd":0,"image_id":4,"bbox":[1082,1206,364,96],"segmentation":[[1089,1206,1269,1242,1445,1208,1442,1264,1262,1302,1082,1259]],"category_id":10,"id":27,"area":20604},{"iscrowd":0,"image_id":4,"bbox":[1089,1263,355,191],"segmentation":[[1091,1262,1265,1302,1443,1264,1440,1409,1263,1453,1089,1399]],"category_id":11,"id":28,"area":51314},{"iscrowd":0,"image_id":4,"bbox":[1093,1401,347,111],"segmentation":[[1093,1400,1262,1453,1440,1408,1436,1466,1262,1511,1093,1457]],"category_id":10,"id":29,"area":19862},{"iscrowd":0,"image_id":4,"bbox":[1079,1461,355,195],"segmentation":[[1087,1460,1260,1511,1433,1464,1427,1613,1247,1655,1078,1602]],"category_id":11,"id":30,"area":50366},{"iscrowd":0,"image_id":4,"bbox":[1084,1603,345,205],"segmentation":[[1084,1602,1245,1655,1429,1613,1423,1764,1240,1808,1084,1740]],"category_id":8,"id":31,"area":50950},{"iscrowd":0,"image_id":4,"bbox":[1075,1761,349,204],"segmentation":[[1076,1760,1242,1826,1423,1768,1416,1913,1234,1964,1074,1889]],"category_id":9,"id":32,"area":47452},{"iscrowd":0,"image_id":4,"bbox":[1075,1892,345,124],"segmentation":[[1074,1891,1240,1968,1420,1904,1416,1953,1242,2015,1074,1939]],"category_id":10,"id":33,"area":16279},{"iscrowd":0,"image_id":4,"bbox":[1073,1941,344,211],"segmentation":[[1080,1940,1238,2015,1416,1953,1411,2084,1236,2151,1073,2073]],"category_id":11,"id":34,"area":45330},{"iscrowd":0,"image_id":4,"bbox":[1071,2083,340,127],"segmentation":[[1073,2082,1240,2153,1411,2084,1411,2144,1245,2210,1071,2130]],"category_id":10,"id":35,"area":18687},{"iscrowd":0,"image_id":4,"bbox":[1068,2132,340,218],"segmentation":[[1067,2131,1245,2213,1407,2144,1405,2277,1240,2350,1074,2262]],"category_id":11,"id":36,"area":44642},{"iscrowd":0,"image_id":4,"bbox":[1071,2270,331,216],"segmentation":[[1076,2270,1238,2344,1402,2275,1402,2410,1234,2486,1071,2395]],"category_id":12,"id":37,"area":44852},{"iscrowd":0,"image_id":5,"bbox":[510,262,290,284],"segmentation":[[509,318,521,298,563,287,572,270,606,262,642,266,654,283,654,289,688,303,724,306,755,316,755,330,778,338,799,349,794,509,704,546,509,447]],"category_id":0,"id":38,"area":60464},{"iscrowd":0,"image_id":5,"bbox":[509,462,297,147],"segmentation":[[510,462,704,554,805,512,799,568,696,609,508,505]],"category_id":1,"id":39,"area":15214},{"iscrowd":0,"image_id":5,"bbox":[507,509,293,254],"segmentation":[[507,509,700,605,800,565,794,714,691,763,506,659]],"category_id":2,"id":40,"area":44722},{"iscrowd":0,"image_id":5,"bbox":[504,663,293,153],"segmentation":[[506,663,689,763,797,713,792,778,690,815,504,715]],"category_id":5,"id":41,"area":15954},{"iscrowd":0,"image_id":5,"bbox":[499,718,292,245],"segmentation":[[504,717,692,816,790,776,784,917,682,963,499,851]],"category_id":2,"id":42,"area":40836},{"iscrowd":0,"image_id":5,"bbox":[504,855,274,247],"segmentation":[[505,855,687,961,777,922,771,1061,685,1102,504,988]],"category_id":3,"id":43,"area":37342},{"iscrowd":0,"image_id":6,"bbox":[912,86,235,249],"segmentation":[[911,135,925,124,954,123,960,91,1049,85,1049,92,1099,92,1100,116,1144,134,1146,317,1010,334,921,302,919,288]],"category_id":0,"id":44,"area":50302},{"iscrowd":0,"image_id":6,"bbox":[918,300,228,219],"segmentation":[[919,299,1014,335,1146,319,1143,506,1001,519,918,471]],"category_id":2,"id":45,"area":41346},{"iscrowd":0,"image_id":6,"bbox":[913,480,228,222],"segmentation":[[1003,524,1140,519,1137,694,996,702,912,634,917,480]],"category_id":13,"id":46,"area":38961},{"iscrowd":0,"image_id":6,"bbox":[910,637,232,132],"segmentation":[[915,637,997,703,1142,696,1137,758,993,769,910,703]],"category_id":5,"id":47,"area":14863},{"iscrowd":0,"image_id":6,"bbox":[917,711,219,218],"segmentation":[[993,769,1136,759,1129,919,985,928,917,852,917,710]],"category_id":2,"id":48,"area":34049},{"iscrowd":0,"image_id":6,"bbox":[910,854,217,238],"segmentation":[[992,930,1126,926,1121,1087,987,1091,910,988,914,853]],"category_id":13,"id":49,"area":33451},{"iscrowd":0,"image_id":6,"bbox":[902,994,219,165],"segmentation":[[986,1094,1121,1090,1118,1146,979,1159,901,1071,907,994]],"category_id":5,"id":50,"area":14518},{"iscrowd":0,"image_id":6,"bbox":[899,1075,215,238],"segmentation":[[983,1159,1114,1155,1108,1302,972,1312,899,1212,903,1074]],"category_id":2,"id":51,"area":31835},{"iscrowd":0,"image_id":6,"bbox":[896,1216,212,251],"segmentation":[[976,1315,1108,1301,1103,1460,972,1467,896,1349,897,1216]],"category_id":13,"id":52,"area":31884},{"iscrowd":0,"image_id":6,"bbox":[894,1351,207,172],"segmentation":[[974,1466,1100,1455,1100,1515,974,1523,893,1409,894,1351]],"category_id":5,"id":53,"area":12055},{"iscrowd":0,"image_id":6,"bbox":[885,1409,212,258],"segmentation":[[972,1526,1097,1515,1087,1655,961,1667,885,1546,893,1409]],"category_id":2,"id":54,"area":29607},{"iscrowd":0,"image_id":6,"bbox":[881,1558,212,247],"segmentation":[[967,1669,1093,1656,1075,1794,962,1805,881,1671,889,1558]],"category_id":3,"id":55,"area":26956},{"iscrowd":0,"image_id":7,"bbox":[466,246,233,308],"segmentation":[[471,282,481,271,515,267,526,252,575,246,603,260,699,379,689,535,562,554,545,534,466,416]],"category_id":0,"id":56,"area":54074},{"iscrowd":0,"image_id":7,"bbox":[461,427,231,185],"segmentation":[[464,427,554,565,691,541,691,592,549,612,461,471]],"category_id":1,"id":57,"area":11401},{"iscrowd":0,"image_id":7,"bbox":[453,472,241,292],"segmentation":[[693,592,682,743,544,764,452,616,459,472,551,612]],"category_id":2,"id":58,"area":35632},{"iscrowd":0,"image_id":7,"bbox":[456,627,222,284],"segmentation":[[461,627,555,769,678,745,671,889,555,911,539,901,456,755]],"category_id":3,"id":59,"area":31165},{"iscrowd":0,"image_id":8,"bbox":[921,101,313,271],"segmentation":[[921,151,968,134,973,108,1012,100,1052,103,1068,109,1067,132,1078,134,1078,125,1099,121,1149,122,1177,131,1176,154,1216,163,1234,168,1228,354,1129,371,928,322,921,309]],"category_id":0,"id":60,"area":69570},{"iscrowd":0,"image_id":8,"bbox":[917,327,314,107],"segmentation":[[916,326,1125,373,1231,352,1231,412,1122,434,918,384]],"category_id":1,"id":61,"area":18726},{"iscrowd":0,"image_id":8,"bbox":[917,386,317,230],"segmentation":[[916,386,1125,435,1234,410,1223,584,1122,616,921,557]],"category_id":2,"id":62,"area":54541},{"iscrowd":0,"image_id":8,"bbox":[921,557,309,128],"segmentation":[[922,557,1121,618,1229,586,1225,658,1118,684,921,622]],"category_id":5,"id":63,"area":20584},{"iscrowd":0,"image_id":8,"bbox":[915,621,312,236],"segmentation":[[919,621,1119,686,1226,658,1215,822,1105,857,915,784]],"category_id":2,"id":64,"area":51065},{"iscrowd":0,"image_id":8,"bbox":[801,776,414,283],"segmentation":[[913,776,1106,855,1215,822,1203,990,990,1058,800,977,802,944]],"category_id":6,"id":65,"area":76231},{"iscrowd":0,"image_id":8,"bbox":[798,978,404,243],"segmentation":[[1202,994,1192,1154,983,1221,797,1129,797,977,990,1057]],"category_id":9,"id":66,"area":63584},{"iscrowd":0,"image_id":8,"bbox":[795,1131,399,146],"segmentation":[[794,1131,981,1222,1193,1154,1193,1209,981,1277,800,1190]],"category_id":10,"id":67,"area":21931},{"iscrowd":0,"image_id":8,"bbox":[792,1191,399,249],"segmentation":[[799,1190,792,1338,977,1439,1180,1355,1190,1210,984,1279]],"category_id":11,"id":68,"area":59903},{"iscrowd":0,"image_id":8,"bbox":[792,1338,390,251],"segmentation":[[970,1437,1181,1351,1174,1502,974,1589,792,1477,792,1338]],"category_id":9,"id":69,"area":57095},{"iscrowd":0,"image_id":8,"bbox":[792,1486,386,149],"segmentation":[[970,1589,1177,1508,1171,1564,965,1635,793,1539,792,1486]],"category_id":10,"id":70,"area":19151},{"iscrowd":0,"image_id":8,"bbox":[788,1540,387,257],"segmentation":[[968,1637,1174,1566,1164,1708,961,1796,787,1680,790,1539]],"category_id":11,"id":71,"area":57060},{"iscrowd":0,"image_id":8,"bbox":[785,1681,375,264],"segmentation":[[965,1793,1160,1713,1149,1860,964,1944,786,1818,784,1805,789,1680]],"category_id":12,"id":72,"area":53708},{"iscrowd":0,"image_id":9,"bbox":[588,219,283,292],"segmentation":[[587,280,603,257,638,251,641,231,688,218,729,225,735,242,765,255,793,258,813,272,813,285,863,307,871,472,762,510,742,497,605,418]],"category_id":0,"id":73,"area":59689},{"iscrowd":0,"image_id":9,"bbox":[602,427,276,141],"segmentation":[[603,427,757,514,877,478,878,530,751,567,602,474]],"category_id":1,"id":74,"area":14305},{"iscrowd":0,"image_id":9,"bbox":[604,476,278,262],"segmentation":[[604,476,757,576,879,540,882,690,756,738,608,623]],"category_id":2,"id":75,"area":42527},{"iscrowd":0,"image_id":9,"bbox":[615,631,268,164],"segmentation":[[756,735,882,699,882,753,759,794,618,692,614,631]],"category_id":5,"id":76,"area":15279},{"iscrowd":0,"image_id":9,"bbox":[618,693,268,245],"segmentation":[[620,692,763,798,885,752,884,906,758,937,622,832,617,706]],"category_id":2,"id":77,"area":37966},{"iscrowd":0,"image_id":9,"bbox":[619,831,267,172],"segmentation":[[620,831,765,940,885,911,883,966,764,1003,618,893]],"category_id":5,"id":78,"area":16196},{"iscrowd":0,"image_id":9,"bbox":[619,900,267,246],"segmentation":[[623,900,773,1005,885,966,882,1106,764,1146,618,1029]],"category_id":2,"id":79,"area":36549},{"iscrowd":0,"image_id":9,"bbox":[624,1035,252,254],"segmentation":[[629,1034,768,1147,876,1109,871,1255,775,1288,757,1280,625,1156,624,1063]],"category_id":3,"id":80,"area":34372},{"iscrowd":0,"image_id":10,"bbox":[468,197,354,289],"segmentation":[[468,276,472,256,522,211,544,201,579,196,612,206,621,225,677,235,711,225,740,227,769,240,775,255,821,267,815,426,769,486,480,428,469,417]],"category_id":0,"id":81,"area":79775},{"iscrowd":0,"image_id":10,"bbox":[474,424,343,123],"segmentation":[[473,432,762,489,816,423,813,484,764,546,474,486]],"category_id":4,"id":82,"area":18956},{"iscrowd":0,"image_id":10,"bbox":[474,483,345,229],"segmentation":[[473,486,764,547,818,483,809,642,757,712,474,653]],"category_id":2,"id":83,"area":55706},{"iscrowd":0,"image_id":10,"bbox":[474,642,337,133],"segmentation":[[473,654,756,712,811,642,808,706,756,775,475,714]],"category_id":5,"id":84,"area":20628},{"iscrowd":0,"image_id":10,"bbox":[474,707,335,223],"segmentation":[[475,715,754,773,808,706,801,854,750,929,473,863]],"category_id":2,"id":85,"area":50072},{"iscrowd":0,"image_id":10,"bbox":[474,857,326,224],"segmentation":[[473,862,751,926,799,856,792,1018,748,1080,475,1011]],"category_id":3,"id":86,"area":48781},{"iscrowd":0,"image_id":11,"bbox":[627,164,185,231],"segmentation":[[627,203,635,188,659,189,661,171,701,164,735,172,735,188,746,189,775,199,777,217,811,237,806,384,709,395,693,385,626,326]],"category_id":0,"id":87,"area":34427},{"iscrowd":0,"image_id":11,"bbox":[621,334,183,115],"segmentation":[[623,334,693,394,804,391,801,436,692,449,621,378]],"category_id":4,"id":88,"area":9091},{"iscrowd":0,"image_id":11,"bbox":[622,382,181,210],"segmentation":[[622,381,694,449,802,441,798,583,688,591,622,519]],"category_id":2,"id":89,"area":25345},{"iscrowd":0,"image_id":11,"bbox":[620,520,178,127],"segmentation":[[621,519,691,592,797,584,794,638,692,647,619,568]],"category_id":5,"id":90,"area":9397},{"iscrowd":0,"image_id":11,"bbox":[612,567,183,214],"segmentation":[[689,650,794,641,791,772,674,780,611,699,619,566]],"category_id":2,"id":91,"area":24084},{"iscrowd":0,"image_id":11,"bbox":[488,699,299,225],"segmentation":[[673,780,786,773,784,910,547,923,487,832,493,804,611,698]],"category_id":6,"id":92,"area":44303},{"iscrowd":0,"image_id":11,"bbox":[487,841,299,169],"segmentation":[[550,925,785,914,785,928,739,990,520,1010,486,963,489,841]],"category_id":7,"id":93,"area":23973},{"iscrowd":0,"image_id":11,"bbox":[489,970,253,167],"segmentation":[[490,970,520,1006,742,990,735,1112,515,1137,489,1097]],"category_id":3,"id":94,"area":31590},{"iscrowd":0,"image_id":12,"bbox":[539,173,214,287],"segmentation":[[538,218,550,204,574,199,575,187,610,174,659,173,666,187,679,185,749,273,752,438,620,460,551,356]],"category_id":0,"id":95,"area":48042},{"iscrowd":0,"image_id":12,"bbox":[547,367,215,150],"segmentation":[[611,460,757,443,761,495,615,517,549,416,546,367]],"category_id":1,"id":96,"area":11259},{"iscrowd":0,"image_id":12,"bbox":[551,419,218,264],"segmentation":[[550,418,617,525,765,505,768,669,619,683,560,578]],"category_id":2,"id":97,"area":33194},{"iscrowd":0,"image_id":12,"bbox":[564,573,205,183],"segmentation":[[563,573,625,683,768,665,768,732,628,756,566,644]],"category_id":5,"id":98,"area":14082},{"iscrowd":0,"image_id":12,"bbox":[569,644,204,250],"segmentation":[[568,644,634,757,766,732,772,875,628,894,572,778]],"category_id":2,"id":99,"area":27721},{"iscrowd":0,"image_id":12,"bbox":[570,778,206,179],"segmentation":[[632,893,773,878,775,937,632,957,569,831,572,778]],"category_id":5,"id":100,"area":12602},{"iscrowd":0,"image_id":12,"bbox":[570,833,206,272],"segmentation":[[631,956,774,938,775,1082,632,1104,571,963,569,832]],"category_id":2,"id":101,"area":29283},{"iscrowd":0,"image_id":12,"bbox":[577,978,190,265],"segmentation":[[640,1105,767,1083,765,1221,646,1243,632,1231,578,1094,577,978]],"category_id":3,"id":102,"area":25495},{"iscrowd":0,"image_id":13,"bbox":[959,78,227,267],"segmentation":[[966,109,997,109,997,86,1035,77,1087,80,1093,90,1116,97,1136,105,1135,119,1183,145,1186,333,1055,345,1043,332,970,288,963,270,959,130]],"category_id":0,"id":103,"area":50753},{"iscrowd":0,"image_id":13,"bbox":[958,292,234,114],"segmentation":[[957,292,1042,349,1190,336,1192,395,1039,406,962,350]],"category_id":1,"id":104,"area":13340},{"iscrowd":0,"image_id":13,"bbox":[965,358,227,233],"segmentation":[[1039,415,1190,399,1192,576,1043,590,967,529,965,357]],"category_id":2,"id":105,"area":39313},{"iscrowd":0,"image_id":13,"bbox":[968,531,226,130],"segmentation":[[1045,589,1193,580,1192,652,1049,660,970,590,967,530]],"category_id":5,"id":106,"area":15307},{"iscrowd":0,"image_id":13,"bbox":[969,595,223,234],"segmentation":[[1047,660,1192,650,1187,820,1043,829,969,743,969,595]],"category_id":2,"id":107,"area":36667},{"iscrowd":0,"image_id":13,"bbox":[828,749,361,260],"segmentation":[[1040,833,1189,822,1182,986,892,1009,828,915,828,883,967,749]],"category_id":6,"id":108,"area":62732},{"iscrowd":0,"image_id":13,"bbox":[827,915,356,256],"segmentation":[[893,1013,1182,990,1175,1148,890,1170,826,1069,826,915]],"category_id":9,"id":109,"area":55271},{"iscrowd":0,"image_id":13,"bbox":[827,1069,351,163],"segmentation":[[895,1172,1177,1150,1175,1209,899,1232,826,1123,828,1069]],"category_id":10,"id":110,"area":20422},{"iscrowd":0,"image_id":13,"bbox":[828,1129,349,259],"segmentation":[[899,1233,1176,1207,1169,1362,889,1387,828,1273,829,1129]],"category_id":11,"id":111,"area":53193},{"iscrowd":0,"image_id":13,"bbox":[828,1271,346,266],"segmentation":[[892,1385,1173,1360,1165,1510,888,1536,828,1413,830,1270]],"category_id":9,"id":112,"area":51288},{"iscrowd":0,"image_id":13,"bbox":[828,1417,336,179],"segmentation":[[892,1537,1163,1512,1156,1566,889,1595,829,1475,828,1416]],"category_id":10,"id":113,"area":18548},{"iscrowd":0,"image_id":13,"bbox":[827,1472,336,269],"segmentation":[[890,1596,1162,1565,1155,1719,885,1740,826,1603,828,1472]],"category_id":11,"id":114,"area":49080},{"iscrowd":0,"image_id":13,"bbox":[825,1607,326,281],"segmentation":[[890,1739,1150,1720,1145,1859,886,1887,825,1737,825,1606]],"category_id":12,"id":115,"area":46311},{"iscrowd":0,"image_id":14,"bbox":[423,219,293,300],"segmentation":[[430,270,438,252,485,240,493,221,538,219,565,228,575,244,630,270,658,276,668,296,715,323,708,482,607,519,593,504,428,405,422,392]],"category_id":0,"id":116,"area":62293},{"iscrowd":0,"image_id":14,"bbox":[420,412,293,167],"segmentation":[[423,412,605,531,712,485,710,531,601,579,419,461]],"category_id":1,"id":117,"area":14248},{"iscrowd":0,"image_id":14,"bbox":[416,465,294,266],"segmentation":[[421,465,600,579,710,531,704,683,590,730,416,605]],"category_id":2,"id":118,"area":43272},{"iscrowd":0,"image_id":14,"bbox":[415,615,281,266],"segmentation":[[418,614,598,731,695,689,688,837,598,881,582,868,418,748,414,738]],"category_id":3,"id":119,"area":39302},{"iscrowd":0,"image_id":15,"bbox":[818,126,308,253],"segmentation":[[821,185,823,171,869,165,872,136,933,125,965,132,971,153,979,161,979,142,1026,132,1071,140,1072,158,1126,168,1125,353,1028,378,839,354,818,339]],"category_id":0,"id":120,"area":67142},{"iscrowd":0,"image_id":15,"bbox":[824,353,307,213],"segmentation":[[826,353,1022,382,1130,358,1128,544,1015,565,823,522]],"category_id":2,"id":121,"area":54639},{"iscrowd":0,"image_id":15,"bbox":[825,527,297,221],"segmentation":[[828,526,1012,569,1122,554,1115,724,1015,747,825,697]],"category_id":13,"id":122,"area":50846},{"iscrowd":0,"image_id":15,"bbox":[825,699,294,117],"segmentation":[[1011,747,1119,722,1114,792,1011,815,825,760,825,699]],"category_id":5,"id":123,"area":19209},{"iscrowd":0,"image_id":15,"bbox":[822,759,293,222],"segmentation":[[1009,818,1115,792,1109,950,1004,981,822,913,823,758,996,819]],"category_id":2,"id":124,"area":45590},{"iscrowd":0,"image_id":15,"bbox":[818,917,285,235],"segmentation":[[996,981,1103,963,1098,1126,998,1151,818,1074,823,917]],"category_id":13,"id":125,"area":46308},{"iscrowd":0,"image_id":15,"bbox":[814,1071,282,142],"segmentation":[[997,1149,1096,1124,1094,1183,990,1213,814,1133,816,1071]],"category_id":5,"id":126,"area":17813},{"iscrowd":0,"image_id":15,"bbox":[809,1139,285,217],"segmentation":[[989,1211,1093,1182,1083,1329,976,1356,808,1276,814,1139]],"category_id":2,"id":127,"area":39948},{"iscrowd":0,"image_id":15,"bbox":[802,1280,281,242],"segmentation":[[807,1279,989,1358,1082,1332,1075,1485,979,1521,801,1426]],"category_id":13,"id":128,"area":43144},{"iscrowd":0,"image_id":15,"bbox":[799,1424,278,147],"segmentation":[[980,1524,1075,1486,1076,1543,986,1571,800,1481,798,1424]],"category_id":5,"id":129,"area":14178},{"iscrowd":0,"image_id":15,"bbox":[795,1484,281,238],"segmentation":[[980,1567,1075,1544,1066,1675,973,1721,794,1613,801,1483]],"category_id":2,"id":130,"area":39133},{"iscrowd":0,"image_id":15,"bbox":[793,1619,275,238],"segmentation":[[972,1725,1068,1678,1046,1826,965,1856,793,1740,796,1618]],"category_id":3,"id":131,"area":34323},{"iscrowd":0,"image_id":16,"bbox":[1254,117,294,211],"segmentation":[[1259,152,1296,152,1297,117,1379,122,1379,147,1423,148,1423,126,1501,121,1509,148,1547,156,1542,328,1510,321,1253,319]],"category_id":0,"id":132,"area":53839},{"iscrowd":0,"image_id":16,"bbox":[1254,319,291,69],"segmentation":[[1253,319,1507,321,1544,328,1542,387,1499,380,1255,382]],"category_id":1,"id":133,"area":17614},{"iscrowd":0,"image_id":16,"bbox":[1244,386,296,172],"segmentation":[[1247,387,1501,385,1540,389,1531,558,1244,548]],"category_id":2,"id":134,"area":48307},{"iscrowd":0,"image_id":16,"bbox":[1242,554,287,63],"segmentation":[[1251,554,1529,558,1529,615,1488,617,1242,606]],"category_id":5,"id":135,"area":15912},{"iscrowd":0,"image_id":16,"bbox":[1241,614,285,165],"segmentation":[[1240,613,1488,617,1525,613,1518,771,1492,778,1240,763]],"category_id":2,"id":136,"area":43875},{"iscrowd":0,"image_id":16,"bbox":[1191,767,324,185],"segmentation":[[1235,767,1479,778,1514,767,1512,930,1442,952,1190,937,1190,906]],"category_id":6,"id":137,"area":52534},{"iscrowd":0,"image_id":16,"bbox":[1187,928,315,185],"segmentation":[[1186,930,1438,946,1501,928,1499,1078,1446,1113,1192,1097]],"category_id":8,"id":138,"area":51332},{"iscrowd":0,"image_id":16,"bbox":[1183,1075,317,189],"segmentation":[[1185,1098,1440,1113,1499,1074,1496,1235,1440,1263,1183,1248]],"category_id":9,"id":139,"area":47354},{"iscrowd":0,"image_id":16,"bbox":[1178,1228,317,102],"segmentation":[[1177,1247,1436,1259,1494,1228,1494,1284,1431,1330,1188,1308]],"category_id":12,"id":140,"area":20128},{"iscrowd":0,"image_id":16,"bbox":[1181,1282,307,198],"segmentation":[[1181,1308,1434,1328,1484,1282,1488,1435,1431,1480,1181,1454]],"category_id":11,"id":141,"area":45792},{"iscrowd":0,"image_id":16,"bbox":[1178,1430,311,100],"segmentation":[[1181,1458,1420,1480,1488,1430,1488,1493,1431,1530,1177,1511]],"category_id":10,"id":142,"area":16493},{"iscrowd":0,"image_id":16,"bbox":[1178,1495,298,185],"segmentation":[[1177,1517,1425,1534,1475,1495,1475,1637,1416,1680,1177,1658]],"category_id":11,"id":143,"area":42741},{"iscrowd":0,"image_id":16,"bbox":[1172,1628,307,204],"segmentation":[[1177,1661,1414,1678,1479,1628,1477,1774,1410,1832,1172,1802]],"category_id":8,"id":144,"area":44852},{"iscrowd":0,"image_id":16,"bbox":[1163,1775,309,213],"segmentation":[[1164,1815,1407,1843,1470,1774,1472,1902,1407,1987,1162,1958]],"category_id":9,"id":145,"area":43743},{"iscrowd":0,"image_id":16,"bbox":[1159,1908,306,139],"segmentation":[[1159,1956,1407,1984,1460,1908,1464,1969,1401,2047,1159,2013]],"category_id":10,"id":146,"area":18400},{"iscrowd":0,"image_id":16,"bbox":[1159,1971,306,207],"segmentation":[[1170,2013,1401,2041,1464,1971,1462,2102,1397,2178,1159,2143]],"category_id":11,"id":147,"area":39965},{"iscrowd":0,"image_id":16,"bbox":[1165,2095,298,141],"segmentation":[[1164,2148,1396,2178,1460,2095,1462,2147,1403,2235,1164,2195]],"category_id":10,"id":148,"area":15852},{"iscrowd":0,"image_id":16,"bbox":[1163,2147,298,222],"segmentation":[[1162,2195,1405,2234,1460,2147,1460,2274,1401,2369,1164,2335]],"category_id":11,"id":149,"area":40498},{"iscrowd":0,"image_id":16,"bbox":[1159,2282,298,231],"segmentation":[[1160,2337,1403,2365,1457,2282,1455,2421,1397,2513,1159,2472]],"category_id":12,"id":150,"area":41879},{"iscrowd":0,"image_id":17,"bbox":[562,96,287,241],"segmentation":[[562,148,566,135,611,123,612,100,657,95,697,105,696,125,714,127,734,120,785,120,803,131,802,147,849,164,845,310,776,336,575,287,565,277]],"category_id":0,"id":151,"area":54338},{"iscrowd":0,"image_id":17,"bbox":[562,292,286,101],"segmentation":[[563,292,769,343,847,309,845,364,764,393,562,337]],"category_id":4,"id":152,"area":13886},{"iscrowd":0,"image_id":17,"bbox":[562,340,285,202],"segmentation":[[562,340,768,395,846,364,842,511,766,541,566,487]],"category_id":2,"id":153,"area":40936},{"iscrowd":0,"image_id":17,"bbox":[567,487,274,114],"segmentation":[[567,486,765,540,840,516,839,566,762,601,566,540]],"category_id":5,"id":154,"area":15541},{"iscrowd":0,"image_id":17,"bbox":[552,542,287,207],"segmentation":[[563,541,762,601,839,571,831,715,750,749,552,679]],"category_id":2,"id":155,"area":40313},{"iscrowd":0,"image_id":17,"bbox":[461,682,368,252],"segmentation":[[554,681,750,751,829,717,820,855,658,933,461,855,462,825]],"category_id":6,"id":156,"area":59541},{"iscrowd":0,"image_id":17,"bbox":[464,856,358,186],"segmentation":[[464,856,658,935,819,856,821,877,711,959,556,1041,463,996]],"category_id":7,"id":157,"area":30216},{"iscrowd":0,"image_id":17,"bbox":[467,958,243,217],"segmentation":[[467,1002,554,1039,710,958,708,1081,552,1175,467,1135]],"category_id":3,"id":158,"area":31720},{"iscrowd":0,"image_id":18,"bbox":[421,204,318,250],"segmentation":[[423,282,427,255,465,219,488,206,528,204,557,215,557,223,609,229,635,221,667,221,691,230,695,241,729,245,739,257,736,397,696,454,424,414,421,407]],"category_id":0,"id":159,"area":65574},{"iscrowd":0,"image_id":18,"bbox":[425,401,308,109],"segmentation":[[425,422,693,458,733,400,731,461,692,510,424,475]],"category_id":1,"id":160,"area":16237},{"iscrowd":0,"image_id":18,"bbox":[424,464,308,199],"segmentation":[[424,478,691,508,730,464,731,607,694,663,429,626]],"category_id":2,"id":161,"area":45962},{"iscrowd":0,"image_id":18,"bbox":[429,610,304,113],"segmentation":[[429,626,693,663,731,610,733,661,690,722,429,688]],"category_id":5,"id":162,"area":18200},{"iscrowd":0,"image_id":18,"bbox":[431,664,301,202],"segmentation":[[430,688,693,722,731,664,724,805,686,866,430,827]],"category_id":2,"id":163,"area":41724},{"iscrowd":0,"image_id":18,"bbox":[428,805,297,203],"segmentation":[[428,823,688,866,724,805,722,949,690,1007,429,964]],"category_id":3,"id":164,"area":41520},{"iscrowd":0,"image_id":19,"bbox":[910,112,345,254],"segmentation":[[920,156,963,136,967,113,1008,111,1060,113,1062,142,1109,146,1115,126,1160,123,1206,130,1206,156,1254,165,1241,340,1195,365,915,333,909,321]],"category_id":0,"id":165,"area":72463},{"iscrowd":0,"image_id":19,"bbox":[910,335,336,94],"segmentation":[[909,335,1192,366,1246,342,1243,410,1191,429,911,394]],"category_id":1,"id":166,"area":20516},{"iscrowd":0,"image_id":19,"bbox":[907,393,339,220],"segmentation":[[912,392,1185,429,1246,407,1228,579,1173,613,906,571]],"category_id":2,"id":167,"area":59109},{"iscrowd":0,"image_id":19,"bbox":[904,573,326,101],"segmentation":[[904,572,1176,613,1230,577,1224,640,1170,674,905,636]],"category_id":5,"id":168,"area":19978},{"iscrowd":0,"image_id":19,"bbox":[887,635,338,210],"segmentation":[[905,635,1172,677,1224,643,1211,803,1164,845,886,801]],"category_id":2,"id":169,"area":53853},{"iscrowd":0,"image_id":19,"bbox":[830,799,381,259],"segmentation":[[898,798,1160,842,1211,804,1195,972,1098,1058,830,1003,830,969]],"category_id":6,"id":170,"area":71866},{"iscrowd":0,"image_id":19,"bbox":[821,974,374,245],"segmentation":[[833,1001,1098,1055,1195,974,1180,1117,1086,1219,821,1164]],"category_id":9,"id":171,"area":57375},{"iscrowd":0,"image_id":19,"bbox":[819,1125,364,152],"segmentation":[[824,1165,1089,1221,1182,1124,1179,1179,1086,1277,818,1223]],"category_id":10,"id":172,"area":20138},{"iscrowd":0,"image_id":19,"bbox":[816,1180,364,254],"segmentation":[[1085,1277,1179,1179,1169,1339,1075,1433,815,1374,821,1229]],"category_id":11,"id":173,"area":53767},{"iscrowd":0,"image_id":19,"bbox":[811,1336,361,239],"segmentation":[[811,1369,1073,1436,1172,1336,1159,1464,1064,1575,812,1516]],"category_id":9,"id":174,"area":48651},{"iscrowd":0,"image_id":19,"bbox":[803,1463,358,181],"segmentation":[[804,1524,1064,1581,1160,1462,1159,1526,1063,1643,802,1581]],"category_id":10,"id":175,"area":21446},{"iscrowd":0,"image_id":19,"bbox":[795,1531,359,261],"segmentation":[[801,1585,1067,1645,1154,1530,1146,1675,1054,1791,795,1724]],"category_id":11,"id":176,"area":49873},{"iscrowd":0,"image_id":19,"bbox":[797,1677,348,264],"segmentation":[[801,1735,1049,1791,1144,1677,1141,1820,1051,1940,796,1866]],"category_id":12,"id":177,"area":48972},{"iscrowd":0,"image_id":20,"bbox":[568,191,210,296],"segmentation":[[569,229,580,216,607,213,618,194,666,191,695,201,706,207,778,312,775,469,641,487,630,475,568,360]],"category_id":0,"id":178,"area":49795},{"iscrowd":0,"image_id":20,"bbox":[560,371,215,170],"segmentation":[[565,370,633,494,775,478,773,530,631,541,559,418]],"category_id":1,"id":179,"area":10739},{"iscrowd":0,"image_id":20,"bbox":[558,424,217,272],"segmentation":[[631,542,775,531,766,689,627,695,557,567,558,423]],"category_id":2,"id":180,"area":32834},{"iscrowd":0,"image_id":20,"bbox":[555,567,211,186],"segmentation":[[623,701,765,689,765,742,621,752,555,624,556,567]],"category_id":5,"id":181,"area":11284},{"iscrowd":0,"image_id":20,"bbox":[551,624,214,280],"segmentation":[[625,752,765,739,757,888,617,903,551,759,555,623]],"category_id":2,"id":182,"area":31515},{"iscrowd":0,"image_id":20,"bbox":[552,762,202,289],"segmentation":[[622,902,754,891,746,1032,631,1051,610,1030,553,893,552,762]],"category_id":3,"id":183,"area":28392},{"iscrowd":0,"image_id":21,"bbox":[1246,69,216,225],"segmentation":[[1245,132,1285,120,1287,90,1334,87,1334,71,1418,69,1420,101,1454,101,1462,272,1345,276,1258,294,1247,274]],"category_id":0,"id":184,"area":39986},{"iscrowd":0,"image_id":21,"bbox":[1249,275,216,78],"segmentation":[[1249,298,1345,276,1463,274,1465,329,1334,336,1249,352]],"category_id":1,"id":185,"area":12214},{"iscrowd":0,"image_id":21,"bbox":[1249,344,216,180],"segmentation":[[1249,356,1463,343,1465,523,1336,518,1254,520]],"category_id":2,"id":186,"area":36226},{"iscrowd":0,"image_id":21,"bbox":[1248,522,216,64],"segmentation":[[1251,521,1463,523,1463,580,1331,585,1247,571]],"category_id":5,"id":187,"area":12515},{"iscrowd":0,"image_id":21,"bbox":[1246,575,222,176],"segmentation":[[1251,574,1327,587,1467,581,1462,743,1329,750,1245,721]],"category_id":2,"id":188,"area":34652},{"iscrowd":0,"image_id":21,"bbox":[1128,729,333,185],"segmentation":[[1249,729,1333,750,1460,747,1458,898,1196,914,1129,887,1127,852]],"category_id":6,"id":189,"area":47409},{"iscrowd":0,"image_id":21,"bbox":[1126,887,327,187],"segmentation":[[1125,887,1198,916,1453,909,1445,1060,1194,1074,1127,1038]],"category_id":8,"id":190,"area":49846},{"iscrowd":0,"image_id":21,"bbox":[1120,1035,327,191],"segmentation":[[1122,1034,1198,1076,1447,1058,1438,1209,1200,1225,1120,1191]],"category_id":9,"id":191,"area":48423},{"iscrowd":0,"image_id":21,"bbox":[1126,1193,318,91],"segmentation":[[1125,1192,1202,1229,1442,1216,1443,1276,1203,1283,1127,1243]],"category_id":10,"id":192,"area":17720},{"iscrowd":0,"image_id":21,"bbox":[1124,1244,316,189],"segmentation":[[1123,1243,1202,1283,1438,1274,1440,1423,1200,1432,1123,1381]],"category_id":11,"id":193,"area":46651},{"iscrowd":0,"image_id":21,"bbox":[1126,1380,316,115],"segmentation":[[1127,1380,1205,1432,1442,1421,1436,1485,1200,1494,1125,1438]],"category_id":10,"id":194,"area":19552},{"iscrowd":0,"image_id":21,"bbox":[1120,1440,309,189],"segmentation":[[1125,1440,1203,1494,1429,1485,1427,1625,1187,1629,1120,1576]],"category_id":11,"id":195,"area":42325},{"iscrowd":0,"image_id":21,"bbox":[1120,1578,309,209],"segmentation":[[1120,1578,1191,1632,1429,1625,1427,1778,1182,1787,1120,1718]],"category_id":8,"id":196,"area":47161},{"iscrowd":0,"image_id":21,"bbox":[1113,1718,316,218],"segmentation":[[1116,1718,1185,1792,1429,1778,1422,1927,1180,1936,1113,1852]],"category_id":9,"id":197,"area":45294},{"iscrowd":0,"image_id":21,"bbox":[1111,1853,311,136],"segmentation":[[1183,1930,1422,1914,1420,1969,1185,1989,1111,1909,1113,1852]],"category_id":10,"id":198,"area":17487},{"iscrowd":0,"image_id":21,"bbox":[1113,1918,302,209],"segmentation":[[1113,1918,1187,1987,1414,1965,1413,2105,1180,2127,1113,2043]],"category_id":11,"id":199,"area":41790},{"iscrowd":0,"image_id":21,"bbox":[1111,2055,300,125],"segmentation":[[1116,2054,1185,2131,1411,2107,1411,2158,1187,2180,1111,2094]],"category_id":10,"id":200,"area":14634},{"iscrowd":0,"image_id":21,"bbox":[1109,2100,302,225],"segmentation":[[1109,2100,1185,2183,1411,2160,1411,2294,1180,2325,1111,2220]],"category_id":11,"id":201,"area":41148},{"iscrowd":0,"image_id":21,"bbox":[1115,2233,293,229],"segmentation":[[1116,2232,1185,2320,1407,2294,1403,2431,1187,2461,1114,2343]],"category_id":12,"id":202,"area":39408},{"iscrowd":0,"image_id":22,"bbox":[437,271,322,306],"segmentation":[[439,336,444,319,495,292,508,276,542,271,579,282,592,303,636,322,665,319,694,333,702,349,758,373,752,529,675,577,449,476,436,462]],"category_id":0,"id":203,"area":69387},{"iscrowd":0,"image_id":22,"bbox":[437,482,318,259],"segmentation":[[436,481,669,585,754,528,752,679,662,740,438,629]],"category_id":2,"id":204,"area":47939},{"iscrowd":0,"image_id":22,"bbox":[438,630,307,259],"segmentation":[[440,629,664,738,744,681,738,836,665,888,437,772]],"category_id":3,"id":205,"area":44678},{"iscrowd":0,"image_id":23,"bbox":[1283,100,298,210],"segmentation":[[1285,141,1337,136,1339,103,1423,107,1421,128,1441,126,1439,99,1529,99,1527,124,1581,132,1569,309,1296,307,1283,297]],"category_id":0,"id":206,"area":56298},{"iscrowd":0,"image_id":23,"bbox":[1285,311,288,62],"segmentation":[[1287,313,1573,311,1571,370,1285,372]],"category_id":4,"id":207,"area":17078},{"iscrowd":0,"image_id":23,"bbox":[1279,371,292,175],"segmentation":[[1281,376,1571,370,1560,545,1279,543]],"category_id":2,"id":208,"area":48864},{"iscrowd":0,"image_id":23,"bbox":[1278,544,288,75],"segmentation":[[1277,543,1566,549,1562,607,1458,618,1281,605]],"category_id":5,"id":209,"area":18687},{"iscrowd":0,"image_id":23,"bbox":[1274,607,285,173],"segmentation":[[1279,607,1462,618,1558,613,1550,774,1454,780,1273,763]],"category_id":2,"id":210,"area":44417},{"iscrowd":0,"image_id":23,"bbox":[1162,771,385,187],"segmentation":[[1269,770,1450,790,1546,784,1539,936,1348,957,1162,932,1162,899]],"category_id":6,"id":211,"area":56405},{"iscrowd":0,"image_id":23,"bbox":[1162,930,375,196],"segmentation":[[1162,930,1354,955,1537,943,1529,1109,1339,1126,1167,1091]],"category_id":8,"id":212,"area":61595},{"iscrowd":0,"image_id":23,"bbox":[1156,1092,377,196],"segmentation":[[1164,1091,1335,1130,1533,1109,1527,1261,1337,1288,1156,1245]],"category_id":9,"id":213,"area":57548},{"iscrowd":0,"image_id":23,"bbox":[1154,1244,373,106],"segmentation":[[1154,1243,1337,1290,1527,1253,1519,1324,1335,1349,1156,1303]],"category_id":10,"id":214,"area":22888},{"iscrowd":0,"image_id":23,"bbox":[1149,1303,375,202],"segmentation":[[1154,1303,1337,1349,1523,1324,1514,1472,1321,1505,1148,1447]],"category_id":11,"id":215,"area":55649},{"iscrowd":0,"image_id":23,"bbox":[1154,1446,358,104],"segmentation":[[1154,1445,1319,1501,1512,1468,1508,1524,1319,1549,1156,1511]],"category_id":10,"id":216,"area":19112},{"iscrowd":0,"image_id":23,"bbox":[1141,1509,367,206],"segmentation":[[1146,1509,1319,1555,1508,1524,1504,1674,1312,1715,1141,1653]],"category_id":11,"id":217,"area":55778},{"iscrowd":0,"image_id":23,"bbox":[1141,1661,362,212],"segmentation":[[1141,1661,1316,1716,1502,1678,1492,1838,1306,1872,1144,1801]],"category_id":8,"id":218,"area":54164},{"iscrowd":0,"image_id":23,"bbox":[1137,1821,356,208],"segmentation":[[1139,1820,1302,1872,1492,1830,1485,1972,1300,2028,1137,1955]],"category_id":9,"id":219,"area":51562},{"iscrowd":0,"image_id":23,"bbox":[1133,1953,348,127],"segmentation":[[1133,1953,1302,2032,1479,1974,1481,2028,1302,2080,1137,2005]],"category_id":10,"id":220,"area":17335},{"iscrowd":0,"image_id":23,"bbox":[1133,2005,352,225],"segmentation":[[1302,2082,1485,2026,1483,2159,1300,2230,1133,2145,1135,2005]],"category_id":11,"id":221,"area":49811},{"iscrowd":0,"image_id":23,"bbox":[1131,2148,354,137],"segmentation":[[1131,2147,1306,2234,1485,2163,1483,2216,1300,2284,1131,2197]],"category_id":10,"id":222,"area":17975},{"iscrowd":0,"image_id":23,"bbox":[1128,2203,356,229],"segmentation":[[1129,2203,1302,2286,1483,2216,1481,2363,1298,2432,1127,2334]],"category_id":11,"id":223,"area":50453},{"iscrowd":0,"image_id":23,"bbox":[1129,2344,346,229],"segmentation":[[1133,2343,1302,2434,1475,2361,1471,2490,1294,2572,1129,2468]],"category_id":12,"id":224,"area":45539},{"iscrowd":0,"image_id":24,"bbox":[641,185,232,326],"segmentation":[[640,227,653,209,683,207,695,189,747,185,781,199,793,203,873,319,872,486,863,500,729,511,645,379]],"category_id":0,"id":225,"area":60367},{"iscrowd":0,"image_id":24,"bbox":[642,388,239,300],"segmentation":[[719,520,880,504,873,665,716,688,641,546,645,388]],"category_id":2,"id":226,"area":38605},{"iscrowd":0,"image_id":24,"bbox":[643,551,231,198],"segmentation":[[716,687,874,665,870,730,716,748,643,619,643,550]],"category_id":5,"id":227,"area":14565},{"iscrowd":0,"image_id":24,"bbox":[639,618,233,300],"segmentation":[[712,749,872,731,863,899,707,917,638,768,639,617]],"category_id":2,"id":228,"area":38044},{"iscrowd":0,"image_id":24,"bbox":[640,774,223,208],"segmentation":[[861,899,862,963,710,982,641,833,639,774,709,916]],"category_id":5,"id":229,"area":13973},{"iscrowd":0,"image_id":24,"bbox":[637,834,227,313],"segmentation":[[640,833,712,984,863,965,859,1116,707,1146,636,975]],"category_id":2,"id":230,"area":35176},{"iscrowd":0,"image_id":24,"bbox":[643,987,214,310],"segmentation":[[715,1146,857,1115,854,1266,721,1297,707,1282,643,1122,643,987]],"category_id":3,"id":231,"area":31712},{"iscrowd":0,"image_id":25,"bbox":[647,223,317,287],"segmentation":[[646,279,648,263,701,248,700,226,764,222,797,240,798,252,816,253,852,254,896,259,903,280,962,301,963,474,866,509,660,440]],"category_id":0,"id":232,"area":69939},{"iscrowd":0,"image_id":25,"bbox":[660,440,306,236],"segmentation":[[659,440,870,511,965,478,964,647,860,676,659,595]],"category_id":2,"id":233,"area":49618},{"iscrowd":0,"image_id":25,"bbox":[660,604,306,143],"segmentation":[[659,603,859,680,964,646,965,703,858,746,665,666]],"category_id":5,"id":234,"area":18936},{"iscrowd":0,"image_id":25,"bbox":[687,1231,281,243],"segmentation":[[687,1230,876,1333,968,1282,963,1430,879,1473,690,1366]],"category_id":3,"id":235,"area":38393},{"iscrowd":0,"image_id":25,"bbox":[670,819,306,143],"segmentation":[[669,819,869,896,974,862,975,919,868,962,675,882]],"category_id":5,"id":236,"area":18936},{"iscrowd":0,"image_id":25,"bbox":[678,1035,297,143],"segmentation":[[678,1035,878,1112,975,1074,973,1133,877,1178,684,1098]],"category_id":5,"id":237,"area":18387},{"iscrowd":0,"image_id":25,"bbox":[662,674,308,222],"segmentation":[[662,674,873,745,968,712,970,859,872,896,675,811]],"category_id":2,"id":238,"area":43371},{"iscrowd":0,"image_id":25,"bbox":[676,883,299,231],"segmentation":[[676,883,874,963,969,930,975,1073,874,1114,676,1030]],"category_id":2,"id":239,"area":43967},{"iscrowd":0,"image_id":25,"bbox":[683,1100,288,220],"segmentation":[[683,1099,871,1176,971,1144,964,1286,876,1320,686,1240]],"category_id":2,"id":240,"area":39976},{"iscrowd":0,"image_id":26,"bbox":[622,130,246,238],"segmentation":[[622,173,623,161,663,155,664,141,685,130,723,131,746,139,745,153,750,156,781,153,814,161,823,174,823,186,868,198,864,348,782,367,767,359,630,307,623,298]],"category_id":0,"id":241,"area":45612},{"iscrowd":0,"image_id":26,"bbox":[619,310,251,108],"segmentation":[[621,310,771,372,870,349,869,398,764,418,619,357]],"category_id":1,"id":242,"area":11881},{"iscrowd":0,"image_id":26,"bbox":[616,363,251,212],"segmentation":[[622,363,767,429,867,408,860,554,757,575,616,499]],"category_id":2,"id":243,"area":35424},{"iscrowd":0,"image_id":26,"bbox":[615,502,245,125],"segmentation":[[615,501,756,574,859,556,858,606,756,627,614,552]],"category_id":5,"id":244,"area":12680},{"iscrowd":0,"image_id":26,"bbox":[600,554,258,216],"segmentation":[[615,553,753,627,857,607,843,750,738,769,600,683]],"category_id":2,"id":245,"area":34730},{"iscrowd":0,"image_id":26,"bbox":[488,684,356,252],"segmentation":[[603,683,741,769,843,751,834,887,623,935,488,837,493,812]],"category_id":2,"id":246,"area":55161},{"iscrowd":0,"image_id":26,"bbox":[490,841,346,181],"segmentation":[[493,841,625,938,836,891,832,912,750,973,562,1022,490,973]],"category_id":7,"id":247,"area":27180},{"iscrowd":0,"image_id":26,"bbox":[491,972,261,183],"segmentation":[[496,980,556,1022,752,971,744,1099,545,1154,490,1111]],"category_id":3,"id":248,"area":33011},{"iscrowd":0,"image_id":27,"bbox":[852,66,335,236],"segmentation":[[862,106,904,95,905,70,943,66,983,66,1000,74,1000,98,1047,100,1048,77,1091,70,1126,74,1144,85,1143,110,1186,113,1179,286,1143,302,866,281,851,266]],"category_id":0,"id":249,"area":67448},{"iscrowd":0,"image_id":27,"bbox":[854,284,326,88],"segmentation":[[858,284,1133,302,1179,288,1180,346,1132,371,854,346]],"category_id":4,"id":250,"area":21310},{"iscrowd":0,"image_id":27,"bbox":[850,344,325,204],"segmentation":[[855,343,1130,370,1175,348,1169,518,1122,548,850,516]],"category_id":2,"id":251,"area":55895},{"iscrowd":0,"image_id":27,"bbox":[850,513,324,99],"segmentation":[[852,517,1119,546,1173,513,1165,586,1116,611,850,578]],"category_id":5,"id":252,"area":20345},{"iscrowd":0,"image_id":27,"bbox":[840,576,328,203],"segmentation":[[850,575,1118,610,1168,582,1155,742,1105,778,840,735]],"category_id":2,"id":253,"area":51930},{"iscrowd":0,"image_id":27,"bbox":[776,742,379,242],"segmentation":[[840,743,1105,779,1155,742,1139,916,1045,984,776,939,777,903]],"category_id":6,"id":254,"area":68474},{"iscrowd":0,"image_id":27,"bbox":[774,909,367,237],"segmentation":[[777,941,1044,984,1140,909,1127,1067,1037,1146,773,1096]],"category_id":9,"id":255,"area":56623},{"iscrowd":0,"image_id":27,"bbox":[774,1059,354,146],"segmentation":[[773,1095,1036,1146,1127,1059,1126,1114,1036,1204,773,1157]],"category_id":10,"id":256,"area":20978},{"iscrowd":0,"image_id":27,"bbox":[763,1115,362,250],"segmentation":[[773,1159,1030,1206,1125,1114,1114,1275,1020,1364,762,1306]],"category_id":11,"id":257,"area":53944},{"iscrowd":0,"image_id":27,"bbox":[758,1274,356,239],"segmentation":[[766,1304,1019,1361,1114,1274,1105,1399,1015,1513,758,1457]],"category_id":9,"id":258,"area":51246},{"iscrowd":0,"image_id":27,"bbox":[757,1399,349,171],"segmentation":[[762,1452,1011,1510,1105,1399,1100,1466,1009,1570,757,1514]],"category_id":10,"id":259,"area":20980},{"iscrowd":0,"image_id":27,"bbox":[749,1466,356,254],"segmentation":[[754,1518,1011,1574,1104,1466,1097,1606,1001,1720,748,1656]],"category_id":11,"id":260,"area":49146},{"iscrowd":0,"image_id":27,"bbox":[745,1606,344,264],"segmentation":[[754,1659,998,1718,1089,1606,1080,1754,991,1870,744,1796]],"category_id":10,"id":261,"area":48632},{"iscrowd":0,"image_id":28,"bbox":[517,273,316,254],"segmentation":[[516,331,571,279,593,273,632,273,653,287,653,298,699,306,726,295,755,297,785,309,789,320,833,335,827,480,778,527,520,474]],"category_id":0,"id":262,"area":63072},{"iscrowd":0,"image_id":28,"bbox":[522,483,308,209],"segmentation":[[521,482,781,534,829,482,825,632,775,691,523,628]],"category_id":2,"id":263,"area":46087},{"iscrowd":0,"image_id":28,"bbox":[522,628,304,113],"segmentation":[[522,628,774,691,825,634,823,684,772,741,521,687]],"category_id":5,"id":264,"area":16316},{"iscrowd":0,"image_id":28,"bbox":[521,683,304,197],"segmentation":[[522,689,773,741,824,682,814,820,770,879,520,819]],"category_id":2,"id":265,"area":39978},{"iscrowd":0,"image_id":28,"bbox":[521,819,296,203],"segmentation":[[522,819,768,877,816,818,811,965,768,1021,520,963]],"category_id":3,"id":266,"area":42003},{"iscrowd":0,"image_id":29,"bbox":[1012,67,358,292],"segmentation":[[1012,300,1018,118,1022,109,1066,105,1081,71,1151,67,1180,76,1180,111,1189,111,1195,93,1225,86,1291,91,1307,97,1304,123,1369,133,1351,335,1250,359]],"category_id":0,"id":267,"area":83528},{"iscrowd":0,"image_id":29,"bbox":[1008,311,350,252],"segmentation":[[1010,311,1244,365,1357,340,1345,535,1233,562,1007,499]],"category_id":2,"id":268,"area":66419},{"iscrowd":0,"image_id":29,"bbox":[1005,498,339,139],"segmentation":[[1004,497,1236,559,1344,532,1338,609,1231,636,1004,567]],"category_id":5,"id":269,"area":25127},{"iscrowd":0,"image_id":29,"bbox":[993,570,352,252],"segmentation":[[1006,570,1227,638,1344,606,1327,790,1221,821,992,744]],"category_id":2,"id":270,"area":60998},{"iscrowd":0,"image_id":29,"bbox":[871,743,453,295],"segmentation":[[992,743,1215,823,1324,790,1306,979,1075,1038,871,950,871,912]],"category_id":6,"id":271,"area":89092},{"iscrowd":0,"image_id":29,"bbox":[867,949,439,271],"segmentation":[[869,949,1080,1040,1306,973,1292,1140,1068,1220,866,1118]],"category_id":9,"id":272,"area":74877},{"iscrowd":0,"image_id":29,"bbox":[864,1117,426,158],"segmentation":[[865,1117,1069,1218,1289,1143,1283,1209,1063,1274,863,1177]],"category_id":10,"id":273,"area":25229},{"iscrowd":0,"image_id":29,"bbox":[851,1177,439,271],"segmentation":[[854,1177,1064,1268,1290,1201,1276,1368,1052,1448,851,1347]],"category_id":11,"id":274,"area":74877},{"iscrowd":0,"image_id":29,"bbox":[844,1554,405,263],"segmentation":[[846,1554,1039,1667,1248,1582,1238,1721,1036,1817,844,1686]],"category_id":11,"id":275,"area":56678},{"iscrowd":0,"image_id":29,"bbox":[844,1496,410,176],"segmentation":[[848,1496,1048,1609,1251,1518,1253,1574,1038,1671,843,1560]],"category_id":10,"id":276,"area":25308},{"iscrowd":0,"image_id":29,"bbox":[850,1343,417,264],"segmentation":[[850,1343,1046,1442,1266,1373,1256,1515,1054,1606,854,1490]],"category_id":9,"id":277,"area":62369},{"iscrowd":0,"image_id":29,"bbox":[832,1692,402,283],"segmentation":[[844,1691,1035,1814,1233,1723,1222,1879,1024,1974,1010,1964,831,1836,835,1709]],"category_id":12,"id":278,"area":61720},{"iscrowd":0,"image_id":30,"bbox":[594,129,332,261],"segmentation":[[600,191,604,176,646,153,651,140,686,129,725,131,745,143,743,160,785,162,789,150,830,146,870,151,885,167,883,174,925,183,921,352,870,390,598,343,593,333]],"category_id":0,"id":279,"area":70098},{"iscrowd":0,"image_id":30,"bbox":[595,349,328,103],"segmentation":[[596,349,864,394,922,350,921,409,861,452,594,402]],"category_id":4,"id":280,"area":18316},{"iscrowd":0,"image_id":30,"bbox":[589,404,330,222],"segmentation":[[594,403,861,453,919,424,906,588,853,626,589,568]],"category_id":2,"id":281,"area":54048},{"iscrowd":0,"image_id":30,"bbox":[589,574,318,118],"segmentation":[[589,573,853,626,906,584,904,648,846,691,590,634]],"category_id":5,"id":282,"area":20045},{"iscrowd":0,"image_id":30,"bbox":[585,636,320,211],"segmentation":[[590,636,846,691,904,647,899,802,843,847,584,790]],"category_id":2,"id":283,"area":48822},{"iscrowd":0,"image_id":30,"bbox":[585,788,314,128],"segmentation":[[584,788,843,848,899,798,898,860,836,916,585,853]],"category_id":5,"id":284,"area":20756},{"iscrowd":0,"image_id":30,"bbox":[578,855,319,210],"segmentation":[[583,854,835,916,896,860,888,1012,830,1064,578,997]],"category_id":2,"id":285,"area":45630},{"iscrowd":0,"image_id":30,"bbox":[579,997,306,124],"segmentation":[[832,1066,884,1013,881,1069,825,1121,579,1053,579,997]],"category_id":5,"id":286,"area":16988},{"iscrowd":0,"image_id":30,"bbox":[574,1055,309,217],"segmentation":[[580,1054,826,1122,882,1068,876,1208,815,1271,573,1196]],"category_id":2,"id":287,"area":44016},{"iscrowd":0,"image_id":30,"bbox":[572,1194,299,219],"segmentation":[[572,1193,820,1266,871,1209,863,1361,814,1412,572,1337]],"category_id":3,"id":288,"area":42843},{"iscrowd":0,"image_id":31,"bbox":[606,219,361,300],"segmentation":[[608,286,613,265,681,222,722,218,762,231,768,252,816,261,844,250,897,256,919,277,967,295,958,467,899,518,606,448]],"category_id":0,"id":289,"area":83358},{"iscrowd":0,"image_id":31,"bbox":[601,459,354,244],"segmentation":[[606,459,901,526,954,471,949,631,888,703,601,629]],"category_id":2,"id":290,"area":60285},{"iscrowd":0,"image_id":31,"bbox":[601,627,349,131],"segmentation":[[603,627,889,701,950,631,946,694,887,758,601,692]],"category_id":5,"id":291,"area":21091},{"iscrowd":0,"image_id":31,"bbox":[598,692,347,227],"segmentation":[[598,695,890,758,945,691,937,859,873,918,597,855]],"category_id":2,"id":292,"area":54824},{"iscrowd":0,"image_id":31,"bbox":[600,857,339,133],"segmentation":[[603,864,875,920,938,857,934,918,875,990,599,924]],"category_id":5,"id":293,"area":21774},{"iscrowd":0,"image_id":31,"bbox":[593,920,341,229],"segmentation":[[596,927,875,991,934,919,925,1074,870,1148,593,1074]],"category_id":2,"id":294,"area":50966},{"iscrowd":0,"image_id":31,"bbox":[595,1075,327,230],"segmentation":[[597,1077,870,1146,921,1075,915,1235,870,1305,845,1295,594,1224]],"category_id":3,"id":295,"area":49247},{"iscrowd":0,"image_id":32,"bbox":[516,189,207,294],"segmentation":[[515,229,520,359,594,477,612,482,722,466,721,311,643,205,591,188,554,205]],"category_id":0,"id":296,"area":46766},{"iscrowd":0,"image_id":32,"bbox":[521,371,210,261],"segmentation":[[520,371,593,488,727,463,730,614,594,632,521,510]],"category_id":2,"id":297,"area":30246},{"iscrowd":0,"image_id":32,"bbox":[522,510,210,183],"segmentation":[[522,510,596,633,731,612,730,672,599,693,521,568]],"category_id":5,"id":298,"area":12284},{"iscrowd":0,"image_id":32,"bbox":[524,571,209,258],"segmentation":[[525,571,598,697,733,672,727,809,594,829,524,700]],"category_id":2,"id":299,"area":27436},{"iscrowd":0,"image_id":32,"bbox":[525,703,199,264],"segmentation":[[525,703,606,830,724,810,723,948,601,967,528,831]],"category_id":3,"id":300,"area":26672},{"iscrowd":0,"image_id":33,"bbox":[982,97,241,257],"segmentation":[[985,150,994,132,1026,132,1027,104,1067,97,1120,103,1126,113,1170,113,1182,125,1176,143,1223,156,1220,344,1097,354,985,303,982,291]],"category_id":0,"id":301,"area":52573},{"iscrowd":0,"image_id":33,"bbox":[981,314,244,100],"segmentation":[[985,313,1080,354,1224,343,1223,404,1077,413,980,368]],"category_id":4,"id":302,"area":14324},{"iscrowd":0,"image_id":33,"bbox":[987,372,234,225],"segmentation":[[986,372,1074,418,1220,409,1219,581,1077,597,988,541]],"category_id":2,"id":303,"area":40599},{"iscrowd":0,"image_id":33,"bbox":[982,545,240,124],"segmentation":[[983,544,1079,594,1222,578,1217,657,1074,668,982,600]],"category_id":5,"id":304,"area":17112},{"iscrowd":0,"image_id":33,"bbox":[978,603,241,234],"segmentation":[[983,603,1073,668,1219,662,1213,823,1064,837,977,760]],"category_id":2,"id":305,"area":39181},{"iscrowd":0,"image_id":33,"bbox":[840,752,369,265],"segmentation":[[979,751,1069,843,1208,825,1201,997,919,1016,839,932,842,898]],"category_id":6,"id":306,"area":64774},{"iscrowd":0,"image_id":33,"bbox":[840,933,360,249],"segmentation":[[919,1016,1199,998,1191,1160,911,1181,839,1088,841,932]],"category_id":9,"id":307,"area":57986},{"iscrowd":0,"image_id":33,"bbox":[838,1090,356,151],"segmentation":[[914,1179,1194,1159,1189,1222,914,1241,838,1144,839,1090]],"category_id":10,"id":308,"area":21749},{"iscrowd":0,"image_id":33,"bbox":[835,1146,356,251],"segmentation":[[914,1238,1191,1222,1183,1366,914,1397,835,1285,836,1146]],"category_id":11,"id":309,"area":53052},{"iscrowd":0,"image_id":33,"bbox":[834,1283,351,266],"segmentation":[[910,1398,1185,1366,1177,1518,908,1548,833,1426,838,1282]],"category_id":9,"id":310,"area":52032},{"iscrowd":0,"image_id":33,"bbox":[835,1430,341,176],"segmentation":[[914,1548,1176,1516,1173,1576,913,1606,836,1482,835,1429]],"category_id":10,"id":311,"area":19584},{"iscrowd":0,"image_id":33,"bbox":[832,1478,341,275],"segmentation":[[911,1603,1173,1573,1166,1726,902,1753,832,1629,835,1478]],"category_id":11,"id":312,"area":51349},{"iscrowd":0,"image_id":33,"bbox":[832,1640,331,262],"segmentation":[[907,1748,1163,1728,1154,1870,907,1901,832,1756,832,1640]],"category_id":12,"id":313,"area":47144},{"iscrowd":0,"image_id":34,"bbox":[412,239,330,273],"segmentation":[[415,310,455,249,476,246,515,239,546,251,556,265,611,268,652,262,687,274,699,289,741,300,734,459,700,511,420,459,411,449]],"category_id":0,"id":314,"area":70833},{"iscrowd":0,"image_id":34,"bbox":[413,455,323,219],"segmentation":[[414,465,694,519,736,455,730,600,691,674,413,616]],"category_id":2,"id":315,"area":48540},{"iscrowd":0,"image_id":34,"bbox":[410,603,317,215],"segmentation":[[414,618,690,673,727,602,719,752,688,817,410,764]],"category_id":3,"id":316,"area":45012},{"iscrowd":0,"image_id":35,"bbox":[1160,94,270,344],"segmentation":[[1165,146,1217,131,1212,103,1284,93,1325,113,1329,126,1366,126,1384,144,1384,164,1430,197,1425,428,1255,437,1160,349,1160,182]],"category_id":0,"id":317,"area":78039},{"iscrowd":0,"image_id":35,"bbox":[1147,361,285,293],"segmentation":[[1152,360,1243,437,1432,434,1416,652,1234,654,1147,564]],"category_id":2,"id":318,"area":59570},{"iscrowd":0,"image_id":35,"bbox":[1144,564,275,177],"segmentation":[[1148,564,1234,652,1419,651,1412,734,1234,741,1143,646]],"category_id":5,"id":319,"area":23349},{"iscrowd":0,"image_id":35,"bbox":[1137,646,272,298],"segmentation":[[1235,742,1409,736,1401,939,1225,944,1137,834,1142,646]],"category_id":2,"id":320,"area":53806},{"iscrowd":0,"image_id":35,"bbox":[975,841,426,318],"segmentation":[[1224,949,1401,936,1389,1133,1043,1159,975,1037,975,995,1139,841]],"category_id":6,"id":321,"area":90174},{"iscrowd":0,"image_id":35,"bbox":[973,1041,418,305],"segmentation":[[1391,1139,1381,1316,1039,1346,978,1216,973,1041,1042,1162]],"category_id":9,"id":322,"area":73724},{"iscrowd":0,"image_id":35,"bbox":[977,1213,400,205],"segmentation":[[1043,1344,1376,1315,1375,1385,1043,1418,976,1278,978,1213]],"category_id":10,"id":323,"area":28656},{"iscrowd":0,"image_id":35,"bbox":[980,1282,395,320],"segmentation":[[1043,1424,1375,1388,1373,1565,1047,1601,983,1444,980,1282]],"category_id":11,"id":324,"area":68579},{"iscrowd":0,"image_id":35,"bbox":[980,1446,395,328],"segmentation":[[1043,1603,1375,1564,1368,1739,1040,1774,980,1611,980,1446]],"category_id":9,"id":325,"area":67536},{"iscrowd":0,"image_id":35,"bbox":[987,1679,378,328],"segmentation":[[1045,1836,1364,1801,1360,1964,1045,2006,988,1818,986,1678]],"category_id":11,"id":326,"area":61595},{"iscrowd":0,"image_id":35,"bbox":[987,1620,380,216],"segmentation":[[1047,1777,1363,1731,1366,1797,1042,1836,986,1677,986,1619]],"category_id":10,"id":327,"area":23705},{"iscrowd":0,"image_id":35,"bbox":[991,1858,369,305],"segmentation":[[996,1857,1052,2013,1360,1965,1357,2118,1058,2162,1039,2146,991,1982]],"category_id":12,"id":328,"area":55315},{"iscrowd":0,"image_id":36,"bbox":[1327,130,306,219],"segmentation":[[1329,161,1375,164,1373,130,1456,134,1456,161,1508,161,1508,134,1592,134,1592,155,1633,168,1619,349,1585,341,1327,326]],"category_id":0,"id":329,"area":56662},{"iscrowd":0,"image_id":36,"bbox":[1320,330,298,77],"segmentation":[[1321,330,1615,345,1617,407,1319,397]],"category_id":4,"id":330,"area":19079},{"iscrowd":0,"image_id":36,"bbox":[1306,398,312,181],"segmentation":[[1315,397,1617,409,1606,578,1306,568]],"category_id":2,"id":331,"area":51333},{"iscrowd":0,"image_id":36,"bbox":[1308,567,300,75],"segmentation":[[1313,566,1608,578,1602,641,1308,630]],"category_id":5,"id":332,"area":18738},{"iscrowd":0,"image_id":36,"bbox":[1297,638,304,162],"segmentation":[[1304,637,1600,643,1596,799,1296,791]],"category_id":2,"id":333,"area":46183},{"iscrowd":0,"image_id":36,"bbox":[1243,796,350,185],"segmentation":[[1294,795,1554,809,1592,805,1585,964,1500,980,1242,961,1244,924]],"category_id":6,"id":334,"area":55059},{"iscrowd":0,"image_id":36,"bbox":[1239,959,338,192],"segmentation":[[1238,980,1238,959,1500,982,1577,962,1565,1124,1492,1151,1240,1124]],"category_id":8,"id":335,"area":55227},{"iscrowd":0,"image_id":36,"bbox":[1231,1124,337,179],"segmentation":[[1238,1126,1494,1151,1567,1124,1563,1268,1483,1303,1231,1293]],"category_id":9,"id":336,"area":51838},{"iscrowd":0,"image_id":36,"bbox":[1231,1271,335,96],"segmentation":[[1231,1291,1479,1305,1565,1270,1563,1328,1471,1366,1231,1341]],"category_id":10,"id":337,"area":18849},{"iscrowd":0,"image_id":36,"bbox":[1229,1324,331,198],"segmentation":[[1229,1339,1475,1364,1560,1324,1558,1480,1481,1522,1229,1491]],"category_id":11,"id":338,"area":51211},{"iscrowd":0,"image_id":36,"bbox":[1227,1471,333,108],"segmentation":[[1227,1493,1475,1516,1558,1470,1560,1536,1471,1578,1227,1553]],"category_id":10,"id":339,"area":20345},{"iscrowd":0,"image_id":36,"bbox":[1220,1538,337,190],"segmentation":[[1229,1553,1473,1576,1556,1537,1540,1684,1467,1728,1219,1699]],"category_id":11,"id":340,"area":48056},{"iscrowd":0,"image_id":36,"bbox":[1216,1686,325,213],"segmentation":[[1217,1697,1460,1728,1540,1686,1537,1834,1456,1899,1215,1853]],"category_id":8,"id":341,"area":52246},{"iscrowd":0,"image_id":36,"bbox":[1210,1834,325,213],"segmentation":[[1221,1870,1454,1905,1535,1834,1531,1974,1456,2047,1210,2012]],"category_id":9,"id":342,"area":45177},{"iscrowd":0,"image_id":36,"bbox":[1208,1974,321,129],"segmentation":[[1212,2016,1444,2045,1529,1974,1527,2028,1442,2103,1208,2066]],"category_id":10,"id":343,"area":17254},{"iscrowd":0,"image_id":36,"bbox":[1204,2024,325,217],"segmentation":[[1210,2068,1446,2101,1529,2024,1523,2157,1448,2241,1204,2205]],"category_id":11,"id":344,"area":43960},{"iscrowd":0,"image_id":36,"bbox":[1200,2159,327,146],"segmentation":[[1200,2205,1446,2239,1527,2159,1525,2218,1444,2305,1206,2259]],"category_id":10,"id":345,"area":19254},{"iscrowd":0,"image_id":36,"bbox":[1204,2221,323,227],"segmentation":[[1206,2253,1446,2305,1527,2220,1519,2347,1442,2447,1204,2401]],"category_id":11,"id":346,"area":44985},{"iscrowd":0,"image_id":36,"bbox":[1202,2353,315,238],"segmentation":[[1213,2397,1440,2439,1517,2353,1515,2486,1438,2591,1202,2541]],"category_id":12,"id":347,"area":45386},{"iscrowd":0,"image_id":37,"bbox":[930,84,313,250],"segmentation":[[932,125,982,115,982,88,1041,83,1085,93,1079,121,1095,121,1095,99,1157,95,1188,102,1188,132,1242,140,1235,318,1147,333,941,302,930,288]],"category_id":0,"id":348,"area":65957},{"iscrowd":0,"image_id":37,"bbox":[927,305,313,96],"segmentation":[[930,305,1129,333,1239,322,1235,382,1132,400,927,358]],"category_id":4,"id":349,"area":18926},{"iscrowd":0,"image_id":37,"bbox":[929,361,311,217],"segmentation":[[928,360,1129,400,1239,382,1228,565,1118,578,928,531]],"category_id":2,"id":350,"area":53839},{"iscrowd":0,"image_id":37,"bbox":[927,531,303,116],"segmentation":[[930,531,1118,579,1229,565,1225,628,1117,646,927,590]],"category_id":5,"id":351,"area":19247},{"iscrowd":0,"image_id":37,"bbox":[917,590,311,231],"segmentation":[[925,589,1118,649,1228,628,1217,799,1111,820,917,753]],"category_id":2,"id":352,"area":51282},{"iscrowd":0,"image_id":37,"bbox":[803,752,417,264],"segmentation":[[917,752,1109,819,1219,798,1207,965,988,1016,802,942,804,906]],"category_id":6,"id":353,"area":74357},{"iscrowd":0,"image_id":37,"bbox":[801,941,404,243],"segmentation":[[801,940,987,1015,1205,962,1192,1118,984,1183,801,1096]],"category_id":9,"id":354,"area":64159},{"iscrowd":0,"image_id":37,"bbox":[796,1100,399,144],"segmentation":[[798,1099,988,1185,1194,1119,1188,1179,981,1243,795,1153]],"category_id":10,"id":355,"area":22860},{"iscrowd":0,"image_id":37,"bbox":[793,1154,397,247],"segmentation":[[801,1153,981,1243,1189,1179,1179,1329,974,1400,792,1302]],"category_id":11,"id":356,"area":59593},{"iscrowd":0,"image_id":37,"bbox":[787,1308,391,253],"segmentation":[[794,1308,974,1398,1178,1330,1168,1479,972,1560,787,1446]],"category_id":9,"id":357,"area":58715},{"iscrowd":0,"image_id":37,"bbox":[787,1448,383,157],"segmentation":[[791,1448,974,1555,1169,1473,1168,1535,967,1605,787,1502]],"category_id":10,"id":358,"area":20798},{"iscrowd":0,"image_id":37,"bbox":[783,1505,387,254],"segmentation":[[784,1505,965,1609,1169,1538,1158,1673,955,1759,782,1646]],"category_id":11,"id":359,"area":54672},{"iscrowd":0,"image_id":37,"bbox":[777,1651,376,254],"segmentation":[[787,1650,958,1762,1152,1676,1142,1823,957,1905,777,1783]],"category_id":12,"id":360,"area":51961},{"iscrowd":0,"image_id":38,"bbox":[577,101,293,232],"segmentation":[[576,151,577,138,621,123,622,111,653,100,697,105,706,117,705,130,741,131,747,120,789,119,825,122,827,141,869,155,870,300,821,332,585,297,576,282]],"category_id":0,"id":361,"area":56058},{"iscrowd":0,"image_id":38,"bbox":[577,299,295,89],"segmentation":[[577,298,816,336,872,299,868,357,818,387,576,344]],"category_id":1,"id":362,"area":14366},{"iscrowd":0,"image_id":38,"bbox":[574,347,294,194],"segmentation":[[576,347,820,389,868,364,863,507,805,541,573,495]],"category_id":2,"id":363,"area":43535},{"iscrowd":0,"image_id":38,"bbox":[575,494,288,104],"segmentation":[[575,494,802,539,862,513,859,565,803,598,574,551]],"category_id":5,"id":364,"area":16419},{"iscrowd":0,"image_id":38,"bbox":[564,554,294,199],"segmentation":[[570,553,798,598,857,568,850,705,790,752,563,691]],"category_id":2,"id":365,"area":41927},{"iscrowd":0,"image_id":38,"bbox":[491,690,358,249],"segmentation":[[564,690,788,753,849,709,836,848,715,939,490,876,491,846]],"category_id":6,"id":366,"area":59204},{"iscrowd":0,"image_id":38,"bbox":[487,851,350,204],"segmentation":[[489,877,716,940,837,850,835,876,713,976,603,1054,487,1017]],"category_id":7,"id":367,"area":30105},{"iscrowd":0,"image_id":38,"bbox":[490,976,225,209],"segmentation":[[495,1021,601,1054,714,976,710,1081,595,1185,489,1157]],"category_id":3,"id":368,"area":27307},{"iscrowd":0,"image_id":39,"bbox":[532,260,274,286],"segmentation":[[532,311,541,294,581,281,587,271,611,259,641,259,666,271,670,287,686,292,707,305,729,307,747,314,753,328,806,356,803,514,703,545,536,440]],"category_id":0,"id":369,"area":57016},{"iscrowd":0,"image_id":39,"bbox":[540,450,270,254],"segmentation":[[540,450,701,554,810,516,808,665,694,704,539,592]],"category_id":2,"id":370,"area":39950},{"iscrowd":0,"image_id":39,"bbox":[539,591,270,163],"segmentation":[[538,591,696,705,809,664,808,717,698,754,540,653]],"category_id":5,"id":371,"area":14199},{"iscrowd":0,"image_id":39,"bbox":[541,654,268,242],"segmentation":[[808,715,807,853,693,895,540,783,540,654,697,753]],"category_id":2,"id":372,"area":36947},{"iscrowd":0,"image_id":39,"bbox":[542,784,259,253],"segmentation":[[544,784,700,894,800,855,793,1000,707,1037,687,1027,548,914,541,903]],"category_id":3,"id":373,"area":35196},{"iscrowd":0,"image_id":40,"bbox":[564,48,196,245],"segmentation":[[567,85,577,75,600,76,602,56,636,48,666,49,685,55,685,68,709,76,722,84,722,95,730,94,760,119,754,286,634,293,620,279,566,221,576,207,566,194,577,183,564,166,574,158,566,144,574,133,565,116,576,105]],"category_id":0,"id":374,"area":39223},{"iscrowd":0,"image_id":40,"bbox":[565,235,194,114],"segmentation":[[565,235,627,301,759,291,757,340,623,349,566,284]],"category_id":1,"id":375,"area":9444},{"iscrowd":0,"image_id":40,"bbox":[568,293,190,221],"segmentation":[[567,293,625,360,757,349,752,502,623,513,567,432]],"category_id":2,"id":376,"area":28276},{"iscrowd":0,"image_id":40,"bbox":[568,433,185,135],"segmentation":[[567,433,627,514,752,502,750,557,623,567,568,487]],"category_id":5,"id":377,"area":9979},{"iscrowd":0,"image_id":40,"bbox":[563,485,191,232],"segmentation":[[622,569,753,562,748,706,621,716,563,627,564,484]],"category_id":2,"id":378,"area":27256},{"iscrowd":0,"image_id":40,"bbox":[563,635,188,140],"segmentation":[[566,635,622,718,751,708,749,768,621,775,563,687]],"category_id":5,"id":379,"area":10831},{"iscrowd":0,"image_id":40,"bbox":[562,685,187,236],"segmentation":[[618,777,749,767,747,909,614,920,562,816,564,684]],"category_id":2,"id":380,"area":26284},{"iscrowd":0,"image_id":40,"bbox":[562,812,184,159],"segmentation":[[622,923,746,909,742,965,623,970,562,859,565,811]],"category_id":5,"id":381,"area":9166},{"iscrowd":0,"image_id":40,"bbox":[558,857,189,250],"segmentation":[[618,972,746,964,739,1100,613,1106,557,995,562,856]],"category_id":2,"id":382,"area":25305},{"iscrowd":0,"image_id":40,"bbox":[556,1000,179,244],"segmentation":[[613,1108,734,1098,726,1234,611,1243,555,1121,557,999]],"category_id":3,"id":383,"area":23335},{"iscrowd":0,"image_id":41,"bbox":[635,203,343,276],"segmentation":[[634,263,679,229,692,210,737,202,777,211,780,231,823,234,864,222,922,231,925,254,976,265,977,433,919,478,646,430]],"category_id":0,"id":384,"area":75512},{"iscrowd":0,"image_id":41,"bbox":[644,437,334,209],"segmentation":[[645,437,918,483,977,441,978,603,909,646,644,602]],"category_id":2,"id":385,"area":54742},{"iscrowd":0,"image_id":41,"bbox":[646,601,332,116],"segmentation":[[646,603,911,643,977,601,978,666,911,717,649,665]],"category_id":5,"id":386,"area":22432},{"iscrowd":0,"image_id":41,"bbox":[668,1241,302,202],"segmentation":[[668,1242,919,1303,970,1240,965,1385,921,1442,670,1380]],"category_id":3,"id":387,"area":41346},{"iscrowd":0,"image_id":41,"bbox":[656,819,322,119],"segmentation":[[655,823,921,863,977,818,976,888,921,937,659,885]],"category_id":5,"id":388,"area":21766},{"iscrowd":0,"image_id":41,"bbox":[660,1032,319,117],"segmentation":[[659,1035,925,1075,978,1032,973,1103,925,1149,663,1097]],"category_id":5,"id":389,"area":21410},{"iscrowd":0,"image_id":41,"bbox":[646,667,332,199],"segmentation":[[645,667,919,713,977,671,975,816,923,865,656,816]],"category_id":2,"id":390,"area":48612},{"iscrowd":0,"image_id":41,"bbox":[657,885,322,190],"segmentation":[[656,885,923,934,976,891,978,1027,925,1075,661,1037]],"category_id":2,"id":391,"area":46138},{"iscrowd":0,"image_id":41,"bbox":[666,1101,311,189],"segmentation":[[665,1101,924,1148,976,1105,967,1234,921,1289,667,1242]],"category_id":2,"id":392,"area":42651},{"iscrowd":0,"image_id":42,"bbox":[708,189,290,278],"segmentation":[[710,240,716,225,765,216,765,192,820,189,856,200,854,216,872,219,917,219,950,229,947,249,997,266,993,441,893,466,713,393,708,379]],"category_id":0,"id":393,"area":62902},{"iscrowd":0,"image_id":42,"bbox":[707,394,297,136],"segmentation":[[710,393,884,470,1002,444,1003,498,880,529,706,450]],"category_id":4,"id":394,"area":17161},{"iscrowd":0,"image_id":42,"bbox":[701,452,299,245],"segmentation":[[709,451,882,532,1000,506,984,677,870,697,701,614]],"category_id":2,"id":395,"area":48061},{"iscrowd":0,"image_id":42,"bbox":[698,613,287,152],"segmentation":[[700,613,869,696,984,675,980,740,866,765,697,676]],"category_id":5,"id":396,"area":19093},{"iscrowd":0,"image_id":42,"bbox":[693,674,288,250],"segmentation":[[701,673,868,766,981,739,974,890,859,923,693,821]],"category_id":2,"id":397,"area":43574},{"iscrowd":0,"image_id":42,"bbox":[693,822,283,171],"segmentation":[[693,825,695,821,859,926,975,891,969,959,852,992,693,891]],"category_id":5,"id":398,"area":19215},{"iscrowd":0,"image_id":42,"bbox":[686,889,288,251],"segmentation":[[853,992,974,959,960,1102,844,1140,686,1026,691,889]],"category_id":2,"id":399,"area":40429},{"iscrowd":0,"image_id":42,"bbox":[686,1031,276,169],"segmentation":[[851,1140,961,1107,958,1163,846,1199,687,1085,686,1030]],"category_id":5,"id":400,"area":15688},{"iscrowd":0,"image_id":42,"bbox":[683,1084,278,265],"segmentation":[[690,1084,850,1201,960,1164,952,1307,840,1349,682,1223]],"category_id":2,"id":401,"area":39648},{"iscrowd":0,"image_id":42,"bbox":[684,1227,262,260],"segmentation":[[688,1227,845,1348,945,1309,936,1449,839,1487,683,1359,684,1242]],"category_id":3,"id":402,"area":35544},{"iscrowd":0,"image_id":43,"bbox":[680,266,311,320],"segmentation":[[679,317,684,303,732,292,738,277,777,266,813,271,837,297,872,318,909,320,934,338,933,354,991,381,986,556,878,586,682,471]],"category_id":0,"id":403,"area":72465},{"iscrowd":0,"image_id":43,"bbox":[677,483,310,288],"segmentation":[[677,483,866,596,987,560,984,726,860,770,677,643]],"category_id":2,"id":404,"area":52044},{"iscrowd":0,"image_id":43,"bbox":[676,640,309,191],"segmentation":[[677,639,859,772,985,722,980,785,854,830,676,713]],"category_id":5,"id":405,"area":19606},{"iscrowd":0,"image_id":43,"bbox":[668,718,315,272],"segmentation":[[676,718,855,833,983,784,975,952,852,989,668,864]],"category_id":2,"id":406,"area":48330},{"iscrowd":0,"image_id":43,"bbox":[674,881,298,180],"segmentation":[[674,880,853,993,971,954,970,1017,847,1060,674,935]],"category_id":5,"id":407,"area":18742},{"iscrowd":0,"image_id":43,"bbox":[670,934,302,286],"segmentation":[[674,934,847,1061,971,1017,961,1166,838,1220,669,1083]],"category_id":2,"id":408,"area":45830},{"iscrowd":0,"image_id":43,"bbox":[670,1083,291,290],"segmentation":[[670,1083,853,1216,960,1169,953,1321,852,1372,669,1222]],"category_id":3,"id":409,"area":43166},{"iscrowd":0,"image_id":44,"bbox":[1276,67,255,221],"segmentation":[[1275,125,1277,122,1317,108,1321,82,1389,80,1402,69,1487,67,1487,93,1530,97,1528,282,1423,280,1279,288,1277,276]],"category_id":0,"id":410,"area":50142},{"iscrowd":0,"image_id":44,"bbox":[1274,283,258,72],"segmentation":[[1274,288,1409,282,1528,284,1532,344,1398,348,1275,354]],"category_id":4,"id":411,"area":16495},{"iscrowd":0,"image_id":44,"bbox":[1270,350,258,179],"segmentation":[[1270,359,1528,350,1523,529,1274,529]],"category_id":2,"id":412,"area":44286},{"iscrowd":0,"image_id":44,"bbox":[1270,526,257,74],"segmentation":[[1272,525,1526,529,1523,599,1270,588]],"category_id":5,"id":413,"area":16779},{"iscrowd":0,"image_id":44,"bbox":[1265,594,257,181],"segmentation":[[1266,593,1521,597,1511,765,1387,775,1264,752]],"category_id":2,"id":414,"area":42992},{"iscrowd":0,"image_id":44,"bbox":[1134,750,372,196],"segmentation":[[1262,750,1383,776,1506,773,1500,939,1255,946,1134,918,1136,882]],"category_id":6,"id":415,"area":56555},{"iscrowd":0,"image_id":44,"bbox":[1136,918,358,202],"segmentation":[[1136,918,1257,944,1494,939,1490,1103,1253,1120,1136,1076]],"category_id":8,"id":416,"area":60242},{"iscrowd":0,"image_id":44,"bbox":[1127,1081,362,196],"segmentation":[[1257,1118,1489,1107,1489,1261,1249,1276,1126,1241,1132,1080]],"category_id":9,"id":417,"area":56831},{"iscrowd":0,"image_id":44,"bbox":[1129,1239,358,104],"segmentation":[[1245,1276,1487,1258,1487,1322,1243,1342,1128,1286,1132,1239]],"category_id":10,"id":418,"area":22358},{"iscrowd":0,"image_id":44,"bbox":[1123,1290,362,209],"segmentation":[[1243,1350,1485,1327,1479,1480,1243,1499,1123,1437,1128,1290]],"category_id":11,"id":419,"area":53608},{"iscrowd":0,"image_id":44,"bbox":[1123,1439,360,119],"segmentation":[[1123,1439,1241,1501,1483,1482,1474,1541,1236,1558,1123,1497]],"category_id":10,"id":420,"area":20505},{"iscrowd":0,"image_id":44,"bbox":[1110,1498,366,213],"segmentation":[[1230,1554,1475,1542,1464,1692,1228,1710,1109,1642,1121,1497]],"category_id":11,"id":421,"area":54307},{"iscrowd":0,"image_id":44,"bbox":[1108,1645,345,225],"segmentation":[[1223,1712,1453,1693,1451,1852,1213,1869,1107,1792,1111,1644]],"category_id":8,"id":422,"area":53716},{"iscrowd":0,"image_id":44,"bbox":[1104,1801,342,232],"segmentation":[[1109,1801,1219,1865,1445,1846,1443,1992,1217,2033,1104,1941]],"category_id":9,"id":423,"area":52814},{"iscrowd":0,"image_id":44,"bbox":[1104,1947,340,138],"segmentation":[[1217,2031,1443,1995,1441,2048,1221,2084,1106,1992,1104,1946]],"category_id":10,"id":424,"area":17194},{"iscrowd":0,"image_id":44,"bbox":[1108,1998,340,226],"segmentation":[[1223,2082,1447,2046,1440,2184,1223,2224,1107,2131,1107,1997]],"category_id":11,"id":425,"area":46532},{"iscrowd":0,"image_id":44,"bbox":[1104,2126,338,149],"segmentation":[[1221,2225,1441,2186,1441,2237,1223,2275,1106,2178,1104,2125]],"category_id":10,"id":426,"area":16801},{"iscrowd":0,"image_id":44,"bbox":[1102,2183,340,247],"segmentation":[[1215,2278,1441,2235,1438,2384,1217,2429,1102,2324,1102,2182]],"category_id":11,"id":427,"area":50092},{"iscrowd":0,"image_id":44,"bbox":[1100,2328,336,245],"segmentation":[[1219,2433,1436,2382,1434,2522,1217,2573,1100,2448,1102,2327]],"category_id":12,"id":428,"area":45646},{"iscrowd":0,"image_id":45,"bbox":[894,56,378,281],"segmentation":[[905,107,953,94,959,57,1018,56,1062,66,1059,90,1068,100,1115,100,1117,76,1161,68,1202,72,1227,82,1225,106,1271,110,1259,309,1211,337,908,304,893,282]],"category_id":0,"id":429,"area":87696},{"iscrowd":0,"image_id":45,"bbox":[891,308,369,231],"segmentation":[[900,307,1212,343,1259,312,1249,503,1196,538,890,494]],"category_id":2,"id":430,"area":68796},{"iscrowd":0,"image_id":45,"bbox":[891,494,363,116],"segmentation":[[895,494,1200,537,1253,500,1245,576,1193,610,890,566]],"category_id":5,"id":431,"area":26044},{"iscrowd":0,"image_id":45,"bbox":[885,568,357,225],"segmentation":[[890,568,1189,609,1242,573,1228,750,1174,792,884,747]],"category_id":2,"id":432,"area":62988},{"iscrowd":0,"image_id":45,"bbox":[813,747,416,276],"segmentation":[[886,747,1177,790,1228,750,1209,934,1112,1023,812,972,812,934]],"category_id":6,"id":433,"area":85266},{"iscrowd":0,"image_id":45,"bbox":[804,934,403,268],"segmentation":[[812,966,1111,1023,1206,934,1190,1097,1090,1201,803,1140]],"category_id":9,"id":434,"area":67202},{"iscrowd":0,"image_id":45,"bbox":[802,1099,388,168],"segmentation":[[802,1137,1090,1201,1190,1098,1187,1162,1089,1266,802,1206]],"category_id":10,"id":435,"area":25404},{"iscrowd":0,"image_id":45,"bbox":[789,1162,397,271],"segmentation":[[799,1204,1089,1266,1186,1162,1177,1315,1072,1432,789,1366]],"category_id":11,"id":436,"area":62552},{"iscrowd":0,"image_id":45,"bbox":[783,1319,390,278],"segmentation":[[787,1366,1070,1435,1172,1319,1158,1470,1062,1597,783,1522]],"category_id":9,"id":437,"area":59243},{"iscrowd":0,"image_id":45,"bbox":[785,1471,374,184],"segmentation":[[784,1522,1061,1594,1158,1470,1156,1526,1059,1654,784,1582]],"category_id":10,"id":438,"area":22131},{"iscrowd":0,"image_id":45,"bbox":[777,1530,375,279],"segmentation":[[781,1584,1056,1656,1152,1529,1140,1672,1046,1809,777,1731]],"category_id":11,"id":439,"area":53927},{"iscrowd":0,"image_id":45,"bbox":[769,1677,369,278],"segmentation":[[774,1731,1045,1809,1137,1676,1131,1826,1034,1954,768,1875]],"category_id":12,"id":440,"area":52478},{"iscrowd":0,"image_id":46,"bbox":[737,211,239,292],"segmentation":[[736,255,748,239,781,235,783,220,835,210,876,221,905,256,922,262,932,279,971,313,975,485,837,502,746,405]],"category_id":0,"id":441,"area":54215},{"iscrowd":0,"image_id":46,"bbox":[744,420,231,266],"segmentation":[[743,420,834,516,975,493,975,664,832,686,746,576]],"category_id":2,"id":442,"area":38515},{"iscrowd":0,"image_id":46,"bbox":[747,583,229,169],"segmentation":[[747,582,831,686,976,663,975,732,830,751,749,644]],"category_id":5,"id":443,"area":14798},{"iscrowd":0,"image_id":46,"bbox":[744,659,231,266],"segmentation":[[744,659,834,755,975,732,975,903,833,925,746,815]],"category_id":2,"id":444,"area":38515},{"iscrowd":0,"image_id":46,"bbox":[750,1084,223,258],"segmentation":[[751,1084,839,1205,972,1180,970,1320,831,1341,749,1201]],"category_id":2,"id":445,"area":30075},{"iscrowd":0,"image_id":46,"bbox":[749,819,229,159],"segmentation":[[748,819,832,922,977,899,973,954,834,978,751,880]],"category_id":5,"id":446,"area":12476},{"iscrowd":0,"image_id":46,"bbox":[753,1015,227,186],"segmentation":[[755,1015,835,1135,979,1113,978,1181,834,1201,753,1093]],"category_id":5,"id":447,"area":15591},{"iscrowd":0,"image_id":46,"bbox":[755,890,227,239],"segmentation":[[754,890,840,976,981,953,973,1109,840,1128,757,1003]],"category_id":2,"id":448,"area":32255},{"iscrowd":0,"image_id":46,"bbox":[753,1215,213,276],"segmentation":[[753,1215,836,1341,966,1320,960,1469,837,1491,755,1338]],"category_id":3,"id":449,"area":29830},{"iscrowd":0,"image_id":47,"bbox":[525,86,304,237],"segmentation":[[524,144,527,128,570,112,573,91,621,85,663,96,662,114,695,115,696,108,729,98,767,99,784,106,785,127,828,129,825,291,776,322,532,291,524,279]],"category_id":0,"id":450,"area":60432},{"iscrowd":0,"image_id":47,"bbox":[524,292,306,92],"segmentation":[[527,295,768,327,829,292,829,349,770,383,523,345]],"category_id":1,"id":451,"area":16483},{"iscrowd":0,"image_id":47,"bbox":[525,347,302,196],"segmentation":[[525,346,767,384,826,354,820,502,760,543,524,502]],"category_id":2,"id":452,"area":46605},{"iscrowd":0,"image_id":47,"bbox":[526,500,298,105],"segmentation":[[525,501,759,542,823,499,820,565,761,604,526,562]],"category_id":5,"id":453,"area":18261},{"iscrowd":0,"image_id":47,"bbox":[525,561,295,193],"segmentation":[[525,561,765,605,819,567,818,712,762,754,524,706]],"category_id":2,"id":454,"area":43215},{"iscrowd":0,"image_id":47,"bbox":[528,705,291,106],"segmentation":[[527,705,762,752,817,712,818,763,761,811,527,759]],"category_id":5,"id":455,"area":16228},{"iscrowd":0,"image_id":47,"bbox":[527,763,290,187],"segmentation":[[530,762,761,812,816,764,810,906,752,949,526,894]],"category_id":2,"id":456,"area":38592},{"iscrowd":0,"image_id":47,"bbox":[523,895,288,108],"segmentation":[[523,895,753,949,810,905,806,953,751,1003,522,945]],"category_id":5,"id":457,"area":14705},{"iscrowd":0,"image_id":47,"bbox":[519,945,289,195],"segmentation":[[522,945,751,1003,807,952,798,1091,745,1140,519,1077]],"category_id":2,"id":458,"area":38010},{"iscrowd":0,"image_id":47,"bbox":[514,1078,281,198],"segmentation":[[520,1078,745,1139,795,1093,786,1234,739,1276,517,1209,514,1198,518,1090]],"category_id":3,"id":459,"area":36953}],"categories":[{"id":0,"name":"outdata-1d","supercategory":"outdata-1d"},{"id":1,"name":"softmax","supercategory":"softmax"},{"id":2,"name":"dense","supercategory":"dense"},{"id":3,"name":"indata-1d","supercategory":"indata-1d"},{"id":4,"name":"sigmoid","supercategory":"sigmoid"},{"id":5,"name":"relu-1d","supercategory":"relu-1d"},{"id":6,"name":"flatten","supercategory":"flatten"},{"id":7,"name":"embedding-short","supercategory":"embedding-short"},{"id":8,"name":"dropout-2d","supercategory":"dropout-2d"},{"id":9,"name":"maxpooling-2d","supercategory":"maxpooling-2d"},{"id":10,"name":"relu-2d","supercategory":"relu-2d"},{"id":11,"name":"conv-2d","supercategory":"conv-2d"},{"id":12,"name":"indata-2d","supercategory":"indata-2d"},{"id":13,"name":"dropout-1d","supercategory":"dropout-1d"}]}