{
  "annotations": [
    {
      "area": 318585,
      "bbox": [
        2063,
        625,
        374,
        1302
      ],
      "category_id": 0,
      "id": 1,
      "image_id": 1,
      "iscrowd": 0,
      "segmentation": [
        [
          2086,
          1213,
          2165,
          1101,
          2198,
          929,
          2202,
          803,
          2221,
          652,
          2247,
          652,
          2256,
          624,
          2395,
          636,
          2391,
          655,
          2437,
          664,
          2398,
          1075,
          2335,
          1643,
          2330,
          1889,
          2205,
          1927,
          2070,
          1845,
          2063,
          1743,
          2079,
          1475
        ]
      ]
    },
    {
      "area": 170492,
      "bbox": [
        1831,
        922,
        277,
        833
      ],
      "category_id": 0,
      "id": 2,
      "image_id": 2,
      "iscrowd": 0,
      "segmentation": [
        [
          1902,
          957,
          1944,
          922,
          2063,
          929,
          2107,
          959,
          2102,
          1538,
          2026,
          1606,
          2030,
          1713,
          1893,
          1755,
          1837,
          1731,
          1830,
          1485,
          1905,
          1378
        ]
      ]
    },
    {
      "area": 529821,
      "bbox": [
        1682,
        878,
        484,
        1279
      ],
      "category_id": 0,
      "id": 3,
      "image_id": 3,
      "iscrowd": 0,
      "segmentation": [
        [
          1681,
          1343,
          1770,
          1134,
          1761,
          929,
          1828,
          880,
          1926,
          878,
          2095,
          903,
          2165,
          948,
          2144,
          2001,
          2002,
          2157,
          1707,
          2062
        ]
      ]
    },
    {
      "area": 238318,
      "bbox": [
        1601,
        1157,
        265,
        991
      ],
      "category_id": 0,
      "id": 4,
      "image_id": 4,
      "iscrowd": 0,
      "segmentation": [
        [
          1614,
          1185,
          1654,
          1182,
          1651,
          1159,
          1714,
          1157,
          1721,
          1182,
          1751,
          1185,
          1758,
          1166,
          1777,
          1166,
          1807,
          1166,
          1821,
          1173,
          1826,
          1194,
          1861,
          1199,
          1865,
          1336,
          1851,
          1859,
          1847,
          1987,
          1837,
          2110,
          1800,
          2148,
          1605,
          2110,
          1607,
          1994,
          1602,
          1971,
          1600,
          1862,
          1607,
          1734,
          1605,
          1643,
          1605,
          1489,
          1607,
          1327
        ]
      ]
    },
    {
      "area": 166944,
      "bbox": [
        1742,
        862,
        263,
        933
      ],
      "category_id": 0,
      "id": 5,
      "image_id": 5,
      "iscrowd": 0,
      "segmentation": [
        [
          1835,
          966,
          1840,
          885,
          1872,
          880,
          1877,
          862,
          1914,
          864,
          1921,
          878,
          1921,
          896,
          1930,
          899,
          1942,
          887,
          1975,
          889,
          1981,
          901,
          2005,
          920,
          1968,
          1355,
          1940,
          1759,
          1837,
          1794,
          1742,
          1727,
          1758,
          1289,
          1821,
          1208
        ]
      ]
    },
    {
      "area": 356519,
      "bbox": [
        1898,
        946,
        351,
        1249
      ],
      "category_id": 0,
      "id": 6,
      "image_id": 6,
      "iscrowd": 0,
      "segmentation": [
        [
          1942,
          975,
          1977,
          968,
          1984,
          945,
          2077,
          952,
          2075,
          982,
          2095,
          982,
          2095,
          966,
          2184,
          973,
          2184,
          996,
          2249,
          1022,
          2233,
          1045,
          2244,
          1052,
          2233,
          1185,
          2181,
          2150,
          2095,
          2194,
          1900,
          2103,
          1902,
          1959,
          1898,
          1934,
          1909,
          1666,
          1912,
          1603,
          1909,
          1443,
          1916,
          1213,
          1914,
          1152,
          1933,
          1138
        ]
      ]
    },
    {
      "area": 250275,
      "bbox": [
        1708,
        1006,
        349,
        874
      ],
      "category_id": 0,
      "id": 7,
      "image_id": 7,
      "iscrowd": 0,
      "segmentation": [
        [
          1802,
          1027,
          1840,
          1020,
          1863,
          1006,
          1919,
          1008,
          1947,
          1036,
          1995,
          1036,
          2030,
          1071,
          2056,
          1089,
          2040,
          1808,
          1877,
          1880,
          1726,
          1792,
          1707,
          1315,
          1805,
          1166
        ]
      ]
    },
    {
      "area": 360970,
      "bbox": [
        2031,
        822,
        421,
        1400
      ],
      "category_id": 0,
      "id": 9,
      "image_id": 9,
      "iscrowd": 0,
      "segmentation": [
        [
          2202,
          852,
          2237,
          836,
          2244,
          822,
          2319,
          827,
          2312,
          841,
          2340,
          845,
          2361,
          836,
          2423,
          852,
          2419,
          866,
          2451,
          878,
          2344,
          1675,
          2305,
          2143,
          2209,
          2222,
          2030,
          2141,
          2068,
          1531,
          2075,
          1462,
          2147,
          1334
        ]
      ]
    },
    {
      "area": 882011,
      "bbox": [
        2028,
        641,
        570,
        1935
      ],
      "category_id": 0,
      "id": 10,
      "image_id": 10,
      "iscrowd": 0,
      "segmentation": [
        [
          2102,
          694,
          2161,
          694,
          2177,
          641,
          2314,
          652,
          2307,
          703,
          2370,
          703,
          2379,
          657,
          2526,
          662,
          2528,
          710,
          2598,
          720,
          2577,
          996,
          2551,
          1345,
          2523,
          1696,
          2498,
          2024,
          2481,
          2268,
          2470,
          2494,
          2393,
          2575,
          2028,
          2457,
          2030,
          2231,
          2035,
          2013,
          2044,
          1775,
          2047,
          1680,
          2058,
          1394,
          2065,
          1208,
          2072,
          1010,
          2088,
          882
        ]
      ]
    },
    {
      "area": 407117,
      "bbox": [
        2038,
        902,
        388,
        1481
      ],
      "category_id": 0,
      "id": 11,
      "image_id": 11,
      "iscrowd": 0,
      "segmentation": [
        [
          2179,
          934,
          2212,
          929,
          2214,
          901,
          2279,
          903,
          2281,
          927,
          2307,
          934,
          2309,
          906,
          2381,
          917,
          2381,
          936,
          2426,
          945,
          2354,
          1901,
          2340,
          2320,
          2214,
          2382,
          2047,
          2322,
          2037,
          2187,
          2042,
          1952,
          2054,
          1750,
          2065,
          1555,
          2140,
          1436
        ]
      ]
    },
    {
      "area": 166763,
      "bbox": [
        1822,
        1129,
        295,
        723
      ],
      "category_id": 0,
      "id": 12,
      "image_id": 12,
      "iscrowd": 0,
      "segmentation": [
        [
          1837,
          1362,
          1909,
          1264,
          1923,
          1157,
          1968,
          1129,
          2009,
          1134,
          2081,
          1159,
          2116,
          1187,
          2079,
          1794,
          1956,
          1852,
          1821,
          1782
        ]
      ]
    },
    {
      "area": 428712,
      "bbox": [
        1824,
        1322,
        335,
        1333
      ],
      "category_id": 0,
      "id": 13,
      "image_id": 13,
      "iscrowd": 0,
      "segmentation": [
        [
          1828,
          1352,
          1865,
          1348,
          1868,
          1322,
          1963,
          1327,
          1963,
          1350,
          2009,
          1350,
          2012,
          1322,
          2105,
          1324,
          2105,
          1355,
          2147,
          1359,
          2154,
          1531,
          2154,
          1594,
          2158,
          1768,
          2158,
          2015,
          2156,
          2268,
          2156,
          2443,
          2154,
          2622,
          1872,
          2655,
          1823,
          2582
        ]
      ]
    },
    {
      "area": 146341,
      "bbox": [
        1870,
        1085,
        251,
        779
      ],
      "category_id": 0,
      "id": 15,
      "image_id": 15,
      "iscrowd": 0,
      "segmentation": [
        [
          1898,
          1115,
          1921,
          1108,
          1923,
          1096,
          2033,
          1085,
          2047,
          1106,
          2077,
          1117,
          2056,
          1499,
          2121,
          1603,
          2119,
          1629,
          2054,
          1748,
          2054,
          1831,
          1993,
          1864,
          1870,
          1808,
          1870,
          1708,
          1877,
          1262
        ]
      ]
    },
    {
      "area": 149897,
      "bbox": [
        1773,
        1257,
        221,
        905
      ],
      "category_id": 0,
      "id": 16,
      "image_id": 16,
      "iscrowd": 0,
      "segmentation": [
        [
          1851,
          1273,
          1875,
          1273,
          1877,
          1257,
          1916,
          1257,
          1916,
          1273,
          1933,
          1273,
          1949,
          1266,
          1972,
          1273,
          1993,
          1285,
          1956,
          2127,
          1875,
          2162,
          1772,
          2115,
          1781,
          1650,
          1835,
          1575
        ]
      ]
    },
    {
      "area": 335016,
      "bbox": [
        1447,
        1157,
        309,
        1174
      ],
      "category_id": 0,
      "id": 17,
      "image_id": 17,
      "iscrowd": 0,
      "segmentation": [
        [
          1449,
          1201,
          1493,
          1178,
          1493,
          1168,
          1549,
          1157,
          1579,
          1168,
          1579,
          1182,
          1614,
          1187,
          1621,
          1175,
          1675,
          1168,
          1712,
          1185,
          1712,
          1206,
          1756,
          1217,
          1747,
          1871,
          1744,
          2259,
          1686,
          2331,
          1456,
          2282,
          1451,
          2138,
          1451,
          1989,
          1454,
          1852,
          1447,
          1527,
          1454,
          1380
        ]
      ]
    },
    {
      "area": 582787,
      "bbox": [
        2047,
        1011,
        444,
        1656
      ],
      "category_id": 0,
      "id": 19,
      "image_id": 19,
      "iscrowd": 0,
      "segmentation": [
        [
          2098,
          1048,
          2154,
          1043,
          2168,
          1010,
          2272,
          1010,
          2295,
          1027,
          2286,
          1057,
          2333,
          1050,
          2409,
          1062,
          2414,
          1101,
          2491,
          1141,
          2384,
          2617,
          2247,
          2666,
          2047,
          2475,
          2058,
          2313,
          2047,
          2287,
          2054,
          2120,
          2063,
          1920,
          2068,
          1580,
          2075,
          1357,
          2075,
          1278,
          2081,
          1271
        ]
      ]
    },
    {
      "area": 358158,
      "bbox": [
        1845,
        897,
        372,
        1400
      ],
      "category_id": 0,
      "id": 21,
      "image_id": 21,
      "iscrowd": 0,
      "segmentation": [
        [
          1965,
          1403,
          1995,
          927,
          2033,
          920,
          2035,
          896,
          2170,
          903,
          2172,
          920,
          2216,
          934,
          2144,
          1948,
          2133,
          2257,
          1979,
          2296,
          1844,
          2224,
          1875,
          1520,
          1877,
          1499
        ]
      ]
    },
    {
      "area": 393226,
      "bbox": [
        1903,
        743,
        421,
        1465
      ],
      "category_id": 0,
      "id": 22,
      "image_id": 22,
      "iscrowd": 0,
      "segmentation": [
        [
          2047,
          1273,
          2093,
          768,
          2133,
          757,
          2140,
          743,
          2212,
          743,
          2216,
          755,
          2281,
          764,
          2281,
          792,
          2323,
          801,
          2314,
          941,
          2312,
          996,
          2254,
          1475,
          2223,
          1773,
          2205,
          2038,
          2191,
          2159,
          2028,
          2208,
          1902,
          2096,
          1914,
          1771,
          1942,
          1389
        ]
      ]
    },
    {
      "area": 236341,
      "bbox": [
        1647,
        1509,
        326,
        853
      ],
      "category_id": 0,
      "id": 24,
      "image_id": 24,
      "iscrowd": 0,
      "segmentation": [
        [
          1733,
          1536,
          1763,
          1534,
          1768,
          1508,
          1933,
          1524,
          1972,
          1552,
          1958,
          2294,
          1842,
          2362,
          1647,
          2308,
          1656,
          1799,
          1735,
          1673
        ]
      ]
    },
    {
      "area": 609972,
      "bbox": [
        1703,
        1078,
        414,
        1598
      ],
      "category_id": 0,
      "id": 25,
      "image_id": 25,
      "iscrowd": 0,
      "segmentation": [
        [
          1707,
          1120,
          1772,
          1117,
          1765,
          1080,
          1875,
          1082,
          1877,
          1124,
          1944,
          1117,
          1947,
          1078,
          2047,
          1082,
          2054,
          1115,
          2116,
          1131,
          2088,
          2596,
          1770,
          2675,
          1702,
          2573
        ]
      ]
    },
    {
      "area": 258477,
      "bbox": [
        1682,
        1013,
        386,
        1019
      ],
      "category_id": 0,
      "id": 27,
      "image_id": 27,
      "iscrowd": 0,
      "segmentation": [
        [
          1816,
          1050,
          1826,
          1036,
          1856,
          1036,
          1870,
          1013,
          1942,
          1017,
          2030,
          1048,
          2068,
          1080,
          2028,
          1789,
          1944,
          1848,
          1930,
          1968,
          1742,
          2031,
          1681,
          1996,
          1695,
          1689,
          1795,
          1573
        ]
      ]
    },
    {
      "area": 479326,
      "bbox": [
        1908,
        1099,
        377,
        1393
      ],
      "category_id": 0,
      "id": 28,
      "image_id": 28,
      "iscrowd": 0,
      "segmentation": [
        [
          1907,
          1159,
          1954,
          1129,
          1958,
          1108,
          2014,
          1099,
          2065,
          1110,
          2065,
          1136,
          2121,
          1138,
          2121,
          1113,
          2181,
          1108,
          2228,
          1124,
          2228,
          1148,
          2284,
          1152,
          2281,
          1462,
          2281,
          1675,
          2281,
          1952,
          2275,
          2164,
          2281,
          2408,
          2237,
          2492,
          1951,
          2445,
          1942,
          2294,
          1930,
          2120,
          1930,
          1948,
          1928,
          1880,
          1916,
          1687,
          1909,
          1420
        ]
      ]
    },
    {
      "area": 333272,
      "bbox": [
        1945,
        1213,
        344,
        1186
      ],
      "category_id": 0,
      "id": 29,
      "image_id": 29,
      "iscrowd": 0,
      "segmentation": [
        [
          1991,
          1248,
          2026,
          1236,
          2035,
          1213,
          2116,
          1215,
          2116,
          1250,
          2158,
          1250,
          2158,
          1231,
          2242,
          1231,
          2242,
          1259,
          2288,
          1266,
          2256,
          1841,
          2226,
          2334,
          2181,
          2399,
          1944,
          2329,
          1963,
          1675
        ]
      ]
    },
    {
      "area": 436738,
      "bbox": [
        2203,
        669,
        526,
        1512
      ],
      "category_id": 0,
      "id": 30,
      "image_id": 30,
      "iscrowd": 0,
      "segmentation": [
        [
          2300,
          1308,
          2400,
          1222,
          2430,
          1082,
          2463,
          889,
          2488,
          708,
          2521,
          699,
          2528,
          678,
          2591,
          682,
          2635,
          668,
          2681,
          673,
          2681,
          696,
          2728,
          701,
          2647,
          1259,
          2551,
          1857,
          2509,
          2180,
          2349,
          2178,
          2202,
          2122,
          2214,
          1962,
          2249,
          1662
        ]
      ]
    },
    {
      "area": 187098,
      "bbox": [
        1626,
        1236,
        300,
        874
      ],
      "category_id": 0,
      "id": 31,
      "image_id": 31,
      "iscrowd": 0,
      "segmentation": [
        [
          1702,
          1273,
          1747,
          1236,
          1802,
          1236,
          1807,
          1255,
          1898,
          1252,
          1926,
          1278,
          1909,
          1855,
          1819,
          1931,
          1816,
          2036,
          1709,
          2110,
          1626,
          2092,
          1626,
          1848,
          1691,
          1710
        ]
      ]
    }
  ],
  "categories": [
    {
      "id": 0,
      "name": "brick_stack",
      "supercategory": "brick_stack"
    }
  ],
  "images": [
    {
      "file_name": "1_3.jpg",
      "height": 3024,
      "id": 19,
      "width": 4032
    },
    {
      "file_name": "1_9.jpg",
      "height": 3024,
      "id": 28,
      "width": 4032
    },
    {
      "file_name": "3_5.jpg",
      "height": 3024,
      "id": 31,
      "width": 4032
    },
    {
      "file_name": "4_4.jpg",
      "height": 3024,
      "id": 3,
      "width": 4032
    },
    {
      "file_name": "2_7.jpg",
      "height": 3024,
      "id": 22,
      "width": 4032
    },
    {
      "file_name": "2_6.jpg",
      "height": 3024,
      "id": 21,
      "width": 4032
    },
    {
      "file_name": "3_1.jpg",
      "height": 3024,
      "id": 15,
      "width": 4032
    },
    {
      "file_name": "1_10.jpg",
      "height": 3024,
      "id": 10,
      "width": 4032
    },
    {
      "file_name": "1_2.jpg",
      "height": 3024,
      "id": 25,
      "width": 4032
    },
    {
      "file_name": "2_10.jpg",
      "height": 3024,
      "id": 5,
      "width": 4032
    },
    {
      "file_name": "2_8.jpg",
      "height": 3024,
      "id": 9,
      "width": 4032
    },
    {
      "file_name": "1_7.jpg",
      "height": 3024,
      "id": 4,
      "width": 4032
    },
    {
      "file_name": "3_6.jpg",
      "height": 3024,
      "id": 2,
      "width": 4032
    },
    {
      "file_name": "1_8.jpg",
      "height": 3024,
      "id": 29,
      "width": 4032
    },
    {
      "file_name": "3_4.jpg",
      "height": 3024,
      "id": 27,
      "width": 4032
    },
    {
      "file_name": "4_1.jpg",
      "height": 3024,
      "id": 24,
      "width": 4032
    },
    {
      "file_name": "4_5.jpg",
      "height": 3024,
      "id": 7,
      "width": 4032
    },
    {
      "file_name": "2_2.jpg",
      "height": 3024,
      "id": 1,
      "width": 4032
    },
    {
      "file_name": "2_4.jpg",
      "height": 3024,
      "id": 11,
      "width": 4032
    },
    {
      "file_name": "2_5.jpg",
      "height": 3024,
      "id": 16,
      "width": 4032
    },
    {
      "file_name": "1_11.jpg",
      "height": 3024,
      "id": 17,
      "width": 4032
    },
    {
      "file_name": "1_1.jpg",
      "height": 3024,
      "id": 13,
      "width": 4032
    },
    {
      "file_name": "4_2.jpg",
      "height": 3024,
      "id": 12,
      "width": 4032
    },
    {
      "file_name": "2_1.jpg",
      "height": 3024,
      "id": 30,
      "width": 4032
    },
    {
      "file_name": "1_6.jpg",
      "height": 3024,
      "id": 6,
      "width": 4032
    }
  ],
  "info": "dataset from Jack Bai",
  "licenses": "Apache 2.0"
}