id,layer
dense-015,dense
lstm_unit-015,lstm_unit
embedding-1-015,embedding-1
softmax-010,softmax
embedding-1-003,embedding-1
sigmoid-018,sigmoid
global-maxpooling-2-019,global-maxpooling-2
softmax-006,softmax
lstm_unit-003,lstm_unit
dense-003,dense
maxpooling-2d-017,maxpooling-2d
indata-2d-015,indata-2d
relu-1d-016,relu-1d
outdata-1d-005,outdata-1d
indata-1d-017,indata-1d
relu-2d-014,relu-2d
indata-1d-001,indata-1d
relu-2d-002,relu-2d
indata-2d-003,indata-2d
global-maxpooling-4-008,global-maxpooling-4
relu-1d-000,relu-1d
lstm_unit-019,lstm_unit
dense-019,dense
conv-2d-013,conv-2d
embedding-1-019,embedding-1
conv-1d-011,conv-1d
sigmoid-002,sigmoid
global-maxpooling-2-003,global-maxpooling-2
embedding-2-010,embedding-2
flatten-003,flatten
sigmoid-014,sigmoid
conv-1d-007,conv-1d
global-maxpooling-2-015,global-maxpooling-2
flatten-015,flatten
indata-2d-019,indata-2d
global-maxpooling-4-012,global-maxpooling-4
tanh-014,tanh
tanh-002,tanh
global-maxpooling-4-004,global-maxpooling-4
dropout-1d-010,dropout-1d
global-maxpooling-4-005,global-maxpooling-4
dropout-1d-011,dropout-1d
tanh-015,tanh
relu-2d-019,relu-2d
indata-2d-018,indata-2d
global-maxpooling-4-013,global-maxpooling-4
outdata-1d-008,outdata-1d
conv-2d-004,conv-2d
flatten-014,flatten
sigmoid-015,sigmoid
conv-1d-006,conv-1d
global-maxpooling-2-014,global-maxpooling-2
flatten-002,flatten
embedding-1-018,embedding-1
conv-1d-010,conv-1d
global-maxpooling-2-002,global-maxpooling-2
embedding-2-011,embedding-2
lstm_unit-018,lstm_unit
conv-2d-012,conv-2d
relu-1d-001,relu-1d
indata-2d-002,indata-2d
global-maxpooling-4-009,global-maxpooling-4
relu-2d-003,relu-2d
indata-1d-000,indata-1d
relu-2d-015,relu-2d
tanh-019,tanh
dropout-2d-009,dropout-2d
indata-1d-016,indata-1d
indata-2d-014,indata-2d
dense-002,dense
conv-2d-008,conv-2d
maxpooling-2d-016,maxpooling-2d
embedding-1-002,embedding-1
sigmoid-019,sigmoid
global-maxpooling-2-018,global-maxpooling-2
softmax-007,softmax
flatten-018,flatten
embedding-1-014,embedding-1
softmax-011,softmax
dense-014,dense
lstm_unit-014,lstm_unit
maxpooling-2d-000,maxpooling-2d
conv-2d-015,conv-2d
sigmoid-004,sigmoid
embedding-2-016,embedding-2
global-maxpooling-2-005,global-maxpooling-2
flatten-005,flatten
conv-1d-001,conv-1d
embedding-1-009,embedding-1
global-maxpooling-2-013,global-maxpooling-2
embedding-2-000,embedding-2
flatten-013,flatten
conv-2d-003,conv-2d
global-maxpooling-4-014,global-maxpooling-4
dropout-1d-000,dropout-1d
dropout-2d-002,dropout-2d
relu-2d-008,relu-2d
dropout-2d-014,dropout-2d
dropout-1d-016,dropout-1d
indata-2d-009,indata-2d
global-maxpooling-4-002,global-maxpooling-4
lstm_unit-013,lstm_unit
dense-013,dense
conv-2d-019,conv-2d
maxpooling-2d-007,maxpooling-2d
flatten-009,flatten
embedding-1-013,embedding-1
sigmoid-008,sigmoid
global-maxpooling-2-009,global-maxpooling-2
softmax-016,softmax
embedding-1-005,embedding-1
softmax-000,softmax
dense-005,dense
lstm_unit-005,lstm_unit
maxpooling-2d-011,maxpooling-2d
global-maxpooling-4-018,global-maxpooling-4
outdata-1d-003,outdata-1d
relu-2d-012,relu-2d
dropout-2d-018,dropout-2d
indata-2d-005,indata-2d
relu-1d-006,relu-1d
relu-1d-007,relu-1d
indata-2d-004,indata-2d
dropout-2d-019,dropout-2d
indata-1d-006,indata-1d
tanh-009,tanh
relu-2d-013,relu-2d
indata-1d-010,indata-1d
relu-1d-011,relu-1d
indata-2d-012,indata-2d
global-maxpooling-4-019,global-maxpooling-4
lstm_unit-004,lstm_unit
embedding-1-004,embedding-1
embedding-1-012,embedding-1
sigmoid-009,sigmoid
global-maxpooling-2-008,global-maxpooling-2
softmax-017,softmax
flatten-008,flatten
lstm_unit-012,lstm_unit
dense-012,dense
conv-2d-018,conv-2d
indata-2d-008,indata-2d
outdata-1d-018,outdata-1d
tanh-005,tanh
dropout-2d-015,dropout-2d
relu-2d-009,relu-2d
dropout-2d-003,dropout-2d
tanh-013,tanh
global-maxpooling-4-015,global-maxpooling-4
dropout-1d-001,dropout-1d
lstm_unit-008,lstm_unit
dense-008,dense
conv-2d-002,conv-2d
flatten-012,flatten
embedding-1-008,embedding-1
sigmoid-013,sigmoid
global-maxpooling-2-012,global-maxpooling-2
embedding-2-001,embedding-2
flatten-004,flatten
sigmoid-005,sigmoid
embedding-2-017,embedding-2
global-maxpooling-2-004,global-maxpooling-2
conv-2d-014,conv-2d
global-maxpooling-4-000,global-maxpooling-4
dropout-1d-014,dropout-1d
relu-1d-008,relu-1d
tanh-006,tanh
indata-1d-009,indata-1d
dropout-2d-016,dropout-2d
dropout-2d-000,dropout-2d
dropout-1d-002,dropout-1d
global-maxpooling-4-016,global-maxpooling-4
conv-2d-001,conv-2d
embedding-2-002,embedding-2
global-maxpooling-2-011,global-maxpooling-2
sigmoid-010,sigmoid
conv-1d-003,conv-1d
flatten-007,flatten
global-maxpooling-2-007,global-maxpooling-2
embedding-2-014,embedding-2
conv-1d-015,conv-1d
sigmoid-006,sigmoid
maxpooling-2d-009,maxpooling-2d
conv-2d-017,conv-2d
outdata-1d-017,outdata-1d
relu-1d-004,relu-1d
indata-2d-007,indata-2d
dropout-1d-018,dropout-1d
relu-2d-006,relu-2d
indata-1d-005,indata-1d
relu-2d-010,relu-2d
indata-1d-013,indata-1d
maxpooling-2d-013,maxpooling-2d
dense-007,dense
softmax-002,softmax
embedding-1-007,embedding-1
softmax-014,softmax
embedding-2-018,embedding-2
conv-1d-019,conv-1d
maxpooling-2d-005,maxpooling-2d
lstm_unit-011,lstm_unit
dense-011,dense
maxpooling-2d-004,maxpooling-2d
dense-010,dense
conv-1d-018,conv-1d
softmax-003,softmax
embedding-1-006,embedding-1
maxpooling-2d-012,maxpooling-2d
lstm_unit-006,lstm_unit
indata-2d-010,indata-2d
outdata-1d-000,outdata-1d
indata-1d-012,indata-1d
relu-2d-011,relu-2d
indata-1d-004,indata-1d
relu-2d-007,relu-2d
indata-2d-006,indata-2d
dropout-1d-019,dropout-1d
relu-1d-005,relu-1d
maxpooling-2d-008,maxpooling-2d
global-maxpooling-2-006,global-maxpooling-2
embedding-2-015,embedding-2
softmax-019,softmax
sigmoid-007,sigmoid
flatten-006,flatten
embedding-2-003,embedding-2
global-maxpooling-2-010,global-maxpooling-2
sigmoid-011,sigmoid
flatten-010,flatten
conv-2d-000,conv-2d
dropout-1d-003,dropout-1d
global-maxpooling-4-017,global-maxpooling-4
dropout-2d-001,dropout-2d
tanh-011,tanh
indata-1d-008,indata-1d
dropout-2d-017,dropout-2d
relu-1d-009,relu-1d
global-maxpooling-4-001,global-maxpooling-4
outdata-1d-011,outdata-1d
relu-1d-002,relu-1d
indata-2d-001,indata-2d
relu-2d-000,relu-2d
indata-1d-003,indata-1d
relu-2d-016,relu-2d
relu-1d-014,relu-1d
indata-2d-017,indata-2d
maxpooling-2d-015,maxpooling-2d
lstm_unit-001,lstm_unit
dense-001,dense
softmax-004,softmax
embedding-2-008,embedding-2
embedding-1-001,embedding-1
conv-1d-009,conv-1d
softmax-012,softmax
embedding-1-017,embedding-1
maxpooling-2d-003,maxpooling-2d
dense-017,dense
lstm_unit-017,lstm_unit
dropout-1d-012,dropout-1d
global-maxpooling-4-006,global-maxpooling-4
tanh-000,tanh
dropout-2d-010,dropout-2d
indata-1d-019,indata-1d
dropout-2d-006,dropout-2d
tanh-016,tanh
global-maxpooling-4-010,global-maxpooling-4
dropout-1d-004,dropout-1d
relu-1d-018,relu-1d
maxpooling-2d-019,maxpooling-2d
conv-2d-007,conv-2d
flatten-017,flatten
embedding-2-004,embedding-2
softmax-008,softmax
conv-1d-005,conv-1d
sigmoid-016,sigmoid
flatten-001,flatten
embedding-2-012,embedding-2
global-maxpooling-2-001,global-maxpooling-2
sigmoid-000,sigmoid
conv-1d-013,conv-1d
conv-2d-011,conv-2d
conv-2d-010,conv-2d
embedding-2-013,embedding-2
global-maxpooling-2-000,global-maxpooling-2
sigmoid-001,sigmoid
flatten-000,flatten
embedding-2-005,embedding-2
softmax-009,softmax
conv-1d-004,conv-1d
sigmoid-017,sigmoid
flatten-016,flatten
conv-2d-006,conv-2d
relu-1d-019,relu-1d
global-maxpooling-4-011,global-maxpooling-4
dropout-1d-005,dropout-1d
indata-1d-018,indata-1d
tanh-017,tanh
dropout-2d-011,dropout-2d
dropout-1d-013,dropout-1d
global-maxpooling-4-007,global-maxpooling-4
maxpooling-2d-002,maxpooling-2d
dense-016,dense
lstm_unit-016,lstm_unit
softmax-013,softmax
embedding-1-016,embedding-1
softmax-005,softmax
embedding-2-009,embedding-2
conv-1d-008,conv-1d
maxpooling-2d-014,maxpooling-2d
dense-000,dense
relu-1d-015,relu-1d
indata-1d-014,indata-1d
indata-1d-002,indata-1d
relu-2d-001,relu-2d
indata-2d-000,indata-2d
outdata-1d-010,outdata-1d
relu-1d-003,relu-1d
